<?xml version="1.0" encoding="UTF-8"?>
<vivadoHLSLog:LogRoot xmlns:vivadoHLSLog="www.xilinx.com/vivadoHLSLog">
  <errorLogs>
    <logs>
      <synLog/>
      <simLog/>
      <mgLog/>
      <packageLog/>
      <csimLog/>
    </logs>
  </errorLogs>
  <warningLogs>
    <logs>
      <synLog>
        <logs message="WARNING: [RTGEN 206-101] Global array 'k' will not be exposed as RTL port." projectName="sha256_prj" solutionName="solution1" date="2021-05-23T11:44:26.834+0800" type="Warning"/>
        <logs message="WARNING: [RTGEN 206-101] Register 'ctx_state_7' is power-on initialization." projectName="sha256_prj" solutionName="solution1" date="2021-05-23T11:44:26.808+0800" type="Warning"/>
        <logs message="WARNING: [RTGEN 206-101] Register 'ctx_state_6' is power-on initialization." projectName="sha256_prj" solutionName="solution1" date="2021-05-23T11:44:26.788+0800" type="Warning"/>
        <logs message="WARNING: [RTGEN 206-101] Register 'ctx_state_5' is power-on initialization." projectName="sha256_prj" solutionName="solution1" date="2021-05-23T11:44:26.765+0800" type="Warning"/>
        <logs message="WARNING: [RTGEN 206-101] Register 'ctx_state_4' is power-on initialization." projectName="sha256_prj" solutionName="solution1" date="2021-05-23T11:44:26.748+0800" type="Warning"/>
        <logs message="WARNING: [RTGEN 206-101] Register 'ctx_state_3' is power-on initialization." projectName="sha256_prj" solutionName="solution1" date="2021-05-23T11:44:26.728+0800" type="Warning"/>
        <logs message="WARNING: [RTGEN 206-101] Register 'ctx_state_2' is power-on initialization." projectName="sha256_prj" solutionName="solution1" date="2021-05-23T11:44:26.706+0800" type="Warning"/>
        <logs message="WARNING: [RTGEN 206-101] Register 'ctx_state_1' is power-on initialization." projectName="sha256_prj" solutionName="solution1" date="2021-05-23T11:44:26.685+0800" type="Warning"/>
        <logs message="WARNING: [RTGEN 206-101] Register 'ctx_state_0' is power-on initialization." projectName="sha256_prj" solutionName="solution1" date="2021-05-23T11:44:26.667+0800" type="Warning"/>
        <logs message="WARNING: [RTGEN 206-101] Register 'ctx_bitlen_1' is power-on initialization." projectName="sha256_prj" solutionName="solution1" date="2021-05-23T11:44:26.654+0800" type="Warning"/>
        <logs message="WARNING: [RTGEN 206-101] Register 'ctx_bitlen_0' is power-on initialization." projectName="sha256_prj" solutionName="solution1" date="2021-05-23T11:44:26.640+0800" type="Warning"/>
        <logs message="WARNING: [RTGEN 206-101] Register 'ctx_datalen' is power-on initialization." projectName="sha256_prj" solutionName="solution1" date="2021-05-23T11:44:26.626+0800" type="Warning"/>
      </synLog>
      <simLog/>
      <mgLog/>
      <packageLog/>
      <csimLog>
        <logs message="WARNING: [SIM 211-51] HLS only supports CLANG compiler in Linux." projectName="sha256_prj" solutionName="solution1" date="2021-05-23T11:55:42.172+0800" type="Warning"/>
        <logs message="WARNING: [SIM 211-51] HLS only supports CLANG compiler in Linux." projectName="sha256_prj" solutionName="solution1" date="2021-05-23T11:45:27.033+0800" type="Warning"/>
      </csimLog>
    </logs>
  </warningLogs>
</vivadoHLSLog:LogRoot>
