<stg><name>sha256_final</name>


<trans_list>

<trans id="162" from="1" to="2">
<condition id="50">
<or_exp><and_exp><literal name="tmp" val="0"/>
</and_exp></or_exp>
</condition>
</trans>

<trans id="168" from="1" to="5">
<condition id="60">
<or_exp><and_exp><literal name="tmp" val="1"/>
</and_exp></or_exp>
</condition>
</trans>

<trans id="163" from="2" to="3">
<condition id="51">
<or_exp><and_exp><literal name="icmp" val="0"/>
</and_exp></or_exp>
</condition>
</trans>

<trans id="164" from="2" to="2">
<condition id="53">
<or_exp><and_exp><literal name="icmp" val="1"/>
</and_exp></or_exp>
</condition>
</trans>

<trans id="166" from="3" to="4">
<condition id="56">
<or_exp><and_exp></and_exp></or_exp>
</condition>
</trans>

<trans id="167" from="4" to="4">
<condition id="58">
<or_exp><and_exp><literal name="tmp" val="0"/>
<literal name="tmp_s" val="0"/>
</and_exp></or_exp>
</condition>
</trans>

<trans id="171" from="4" to="6">
<condition id="64">
<or_exp><and_exp><literal name="tmp" val="1"/>
</and_exp><and_exp><literal name="tmp_s" val="1"/>
</and_exp></or_exp>
</condition>
</trans>

<trans id="169" from="5" to="5">
<condition id="62">
<or_exp><and_exp><literal name="exitcond" val="0"/>
</and_exp></or_exp>
</condition>
</trans>

<trans id="170" from="5" to="4">
<condition id="63">
<or_exp><and_exp><literal name="exitcond" val="1"/>
</and_exp></or_exp>
</condition>
</trans>

<trans id="174" from="6" to="7">
<condition id="67">
<or_exp><and_exp></and_exp></or_exp>
</condition>
</trans>

<trans id="175" from="7" to="8">
<condition id="68">
<or_exp><and_exp></and_exp></or_exp>
</condition>
</trans>

<trans id="176" from="8" to="9">
<condition id="69">
<or_exp><and_exp></and_exp></or_exp>
</condition>
</trans>

<trans id="177" from="9" to="10">
<condition id="70">
<or_exp><and_exp></and_exp></or_exp>
</condition>
</trans>

<trans id="178" from="10" to="11">
<condition id="72">
<or_exp><and_exp></and_exp></or_exp>
</condition>
</trans>

<trans id="179" from="11" to="12">
<condition id="73">
<or_exp><and_exp><literal name="tmp_78" val="0"/>
</and_exp></or_exp>
</condition>
</trans>

<trans id="181" from="12" to="13">
<condition id="75">
<or_exp><and_exp></and_exp></or_exp>
</condition>
</trans>

<trans id="182" from="13" to="14">
<condition id="76">
<or_exp><and_exp></and_exp></or_exp>
</condition>
</trans>

<trans id="183" from="14" to="11">
<condition id="78">
<or_exp><and_exp></and_exp></or_exp>
</condition>
</trans>
</trans_list>



<state_list>

<state id="1" st_id="1">

<operation id="15" st_id="1" stage="1" lat="1">
<core>NULL</core>
<MemPortIdVec></MemPortIdVec>
<condition id="10">
<or_exp><and_exp></and_exp></or_exp>
</condition>

<Node id="15" bw="32" op_0_bw="32">
<![CDATA[
:0  %i = load i32* @ctx_datalen, align 4

]]></Node>
<StgValue><ssdm name="i"/></StgValue>
</operation>

<operation id="16" st_id="1" stage="1" lat="1">
<core>Cmp</core>
<MemPortIdVec></MemPortIdVec>
<condition id="10">
<or_exp><and_exp></and_exp></or_exp>
</condition>

<Node id="16" bw="1" op_0_bw="32" op_1_bw="32">
<![CDATA[
:1  %tmp = icmp ult i32 %i, 56

]]></Node>
<StgValue><ssdm name="tmp"/></StgValue>
</operation>

<operation id="17" st_id="1" stage="1" lat="1">
<core>NULL</core>
<MemPortIdVec></MemPortIdVec>
<condition id="10">
<or_exp><and_exp></and_exp></or_exp>
</condition>

<Node id="17" bw="6" op_0_bw="8" op_1_bw="32" op_2_bw="32">
<![CDATA[
:2  %ctx_in_data_addr = getelementptr [64 x i8]* @ctx_in_data, i32 0, i32 %i

]]></Node>
<StgValue><ssdm name="ctx_in_data_addr"/></StgValue>
</operation>

<operation id="18" st_id="1" stage="1" lat="1">
<core>RAM</core>
<MemPortIdVec>0 </MemPortIdVec>
<condition id="10">
<or_exp><and_exp></and_exp></or_exp>
</condition>

<Node id="18" bw="0" op_0_bw="8" op_1_bw="6">
<![CDATA[
:3  store i8 -128, i8* %ctx_in_data_addr, align 1

]]></Node>
<StgValue><ssdm name=""/></StgValue>
</operation>

<operation id="19" st_id="1" stage="1" lat="1">
<core>NULL</core>
<MemPortIdVec></MemPortIdVec>
<condition id="10">
<or_exp><and_exp></and_exp></or_exp>
</condition>

<Node id="19" bw="0" op_0_bw="1" op_1_bw="0" op_2_bw="0">
<![CDATA[
:4  br i1 %tmp, label %.preheader18.preheader, label %.preheader.preheader

]]></Node>
<StgValue><ssdm name=""/></StgValue>
</operation>

<operation id="20" st_id="1" stage="1" lat="1">
<core>NULL</core>
<MemPortIdVec></MemPortIdVec>
<condition id="11">
<or_exp><and_exp><literal name="tmp" val="0"/>
</and_exp></or_exp>
</condition>

<Node id="21" bw="0" op_0_bw="0">
<![CDATA[
.preheader.preheader:0  br label %.preheader

]]></Node>
<StgValue><ssdm name=""/></StgValue>
</operation>

<operation id="21" st_id="1" stage="1" lat="1">
<core>NULL</core>
<MemPortIdVec></MemPortIdVec>
<condition id="13">
<or_exp><and_exp><literal name="tmp" val="1"/>
</and_exp></or_exp>
</condition>

<Node id="50" bw="0" op_0_bw="0">
<![CDATA[
.preheader18.preheader:0  br label %.preheader18

]]></Node>
<StgValue><ssdm name=""/></StgValue>
</operation>
</state>

<state id="2" st_id="2">

<operation id="22" st_id="2" stage="1" lat="1">
<core>NULL</core>
<MemPortIdVec></MemPortIdVec>
<condition id="14">
<or_exp><and_exp></and_exp></or_exp>
</condition>

<Node id="23" bw="32" op_0_bw="32" op_1_bw="0">
<![CDATA[
.preheader:0  %i_1_in = phi i32 [ %i_1, %2 ], [ %i, %.preheader.preheader ]

]]></Node>
<StgValue><ssdm name="i_1_in"/></StgValue>
</operation>

<operation id="23" st_id="2" stage="1" lat="1">
<core>AddSub</core>
<MemPortIdVec></MemPortIdVec>
<condition id="14">
<or_exp><and_exp></and_exp></or_exp>
</condition>

<Node id="24" bw="32" op_0_bw="32" op_1_bw="32">
<![CDATA[
.preheader:1  %i_1 = add i32 %i_1_in, 1

]]></Node>
<StgValue><ssdm name="i_1"/></StgValue>
</operation>

<operation id="24" st_id="2" stage="1" lat="1">
<core>NULL</core>
<MemPortIdVec></MemPortIdVec>
<condition id="14">
<or_exp><and_exp></and_exp></or_exp>
</condition>

<Node id="25" bw="26" op_0_bw="26" op_1_bw="32" op_2_bw="32" op_3_bw="32">
<![CDATA[
.preheader:2  %tmp_75 = call i26 @_ssdm_op_PartSelect.i26.i32.i32.i32(i32 %i_1, i32 6, i32 31)

]]></Node>
<StgValue><ssdm name="tmp_75"/></StgValue>
</operation>

<operation id="25" st_id="2" stage="1" lat="1">
<core>Cmp</core>
<MemPortIdVec></MemPortIdVec>
<condition id="14">
<or_exp><and_exp></and_exp></or_exp>
</condition>

<Node id="26" bw="1" op_0_bw="26" op_1_bw="26">
<![CDATA[
.preheader:3  %icmp = icmp eq i26 %tmp_75, 0

]]></Node>
<StgValue><ssdm name="icmp"/></StgValue>
</operation>

<operation id="26" st_id="2" stage="1" lat="1">
<core>NULL</core>
<MemPortIdVec></MemPortIdVec>
<condition id="14">
<or_exp><and_exp></and_exp></or_exp>
</condition>

<Node id="27" bw="0" op_0_bw="1" op_1_bw="0" op_2_bw="0">
<![CDATA[
.preheader:4  br i1 %icmp, label %2, label %3

]]></Node>
<StgValue><ssdm name=""/></StgValue>
</operation>

<operation id="27" st_id="2" stage="1" lat="1">
<core>NULL</core>
<MemPortIdVec></MemPortIdVec>
<condition id="16">
<or_exp><and_exp><literal name="icmp" val="1"/>
</and_exp></or_exp>
</condition>

<Node id="29" bw="6" op_0_bw="8" op_1_bw="32" op_2_bw="32">
<![CDATA[
:0  %ctx_in_data_addr_2 = getelementptr [64 x i8]* @ctx_in_data, i32 0, i32 %i_1

]]></Node>
<StgValue><ssdm name="ctx_in_data_addr_2"/></StgValue>
</operation>

<operation id="28" st_id="2" stage="1" lat="1">
<core>RAM</core>
<MemPortIdVec>0 </MemPortIdVec>
<condition id="16">
<or_exp><and_exp><literal name="icmp" val="1"/>
</and_exp></or_exp>
</condition>

<Node id="30" bw="0" op_0_bw="8" op_1_bw="6">
<![CDATA[
:1  store i8 0, i8* %ctx_in_data_addr_2, align 1

]]></Node>
<StgValue><ssdm name=""/></StgValue>
</operation>

<operation id="29" st_id="2" stage="1" lat="1">
<core>NULL</core>
<MemPortIdVec></MemPortIdVec>
<condition id="16">
<or_exp><and_exp><literal name="icmp" val="1"/>
</and_exp></or_exp>
</condition>

<Node id="31" bw="0" op_0_bw="0">
<![CDATA[
:2  br label %.preheader

]]></Node>
<StgValue><ssdm name=""/></StgValue>
</operation>

<operation id="30" st_id="2" stage="2" lat="2">
<core></core>
<MemPortIdVec></MemPortIdVec>
<condition id="17">
<or_exp><and_exp><literal name="icmp" val="0"/>
</and_exp></or_exp>
</condition>

<Node id="33" bw="0" op_0_bw="0" op_1_bw="8">
<![CDATA[
:0  call fastcc void @sha256_transform([64 x i8]* @ctx_in_data)

]]></Node>
<StgValue><ssdm name=""/></StgValue>
</operation>
</state>

<state id="3" st_id="3">

<operation id="31" st_id="3" stage="1" lat="2">
<core></core>
<MemPortIdVec></MemPortIdVec>
<condition id="18">
<or_exp><and_exp></and_exp></or_exp>
</condition>

<Node id="33" bw="0" op_0_bw="0" op_1_bw="8">
<![CDATA[
:0  call fastcc void @sha256_transform([64 x i8]* @ctx_in_data)

]]></Node>
<StgValue><ssdm name=""/></StgValue>
</operation>

<operation id="32" st_id="3" stage="1" lat="1">
<core>NULL</core>
<MemPortIdVec></MemPortIdVec>
<condition id="18">
<or_exp><and_exp></and_exp></or_exp>
</condition>

<Node id="34" bw="0" op_0_bw="0">
<![CDATA[
:1  br label %4

]]></Node>
<StgValue><ssdm name=""/></StgValue>
</operation>
</state>

<state id="4" st_id="4">

<operation id="33" st_id="4" stage="1" lat="1">
<core>NULL</core>
<MemPortIdVec></MemPortIdVec>
<condition id="19">
<or_exp><and_exp><literal name="tmp" val="0"/>
</and_exp></or_exp>
</condition>

<Node id="36" bw="6" op_0_bw="6" op_1_bw="0">
<![CDATA[
:0  %j = phi i6 [ 0, %3 ], [ %j_2, %5 ]

]]></Node>
<StgValue><ssdm name="j"/></StgValue>
</operation>

<operation id="34" st_id="4" stage="1" lat="1">
<core>NULL</core>
<MemPortIdVec></MemPortIdVec>
<condition id="19">
<or_exp><and_exp><literal name="tmp" val="0"/>
</and_exp></or_exp>
</condition>

<Node id="37" bw="32" op_0_bw="6">
<![CDATA[
:1  %j_cast5 = zext i6 %j to i32

]]></Node>
<StgValue><ssdm name="j_cast5"/></StgValue>
</operation>

<operation id="35" st_id="4" stage="1" lat="1">
<core>Cmp</core>
<MemPortIdVec></MemPortIdVec>
<condition id="19">
<or_exp><and_exp><literal name="tmp" val="0"/>
</and_exp></or_exp>
</condition>

<Node id="38" bw="1" op_0_bw="6" op_1_bw="6">
<![CDATA[
:2  %tmp_s = icmp eq i6 %j, -8

]]></Node>
<StgValue><ssdm name="tmp_s"/></StgValue>
</operation>

<operation id="36" st_id="4" stage="1" lat="1">
<core>NULL</core>
<MemPortIdVec></MemPortIdVec>
<condition id="19">
<or_exp><and_exp><literal name="tmp" val="0"/>
</and_exp></or_exp>
</condition>

<Node id="39" bw="32" op_0_bw="32" op_1_bw="64" op_2_bw="64" op_3_bw="64">
<![CDATA[
:3  %empty = call i32 (...)* @_ssdm_op_SpecLoopTripCount(i64 56, i64 56, i64 56)

]]></Node>
<StgValue><ssdm name="empty"/></StgValue>
</operation>

<operation id="37" st_id="4" stage="1" lat="1">
<core>AddSub</core>
<MemPortIdVec></MemPortIdVec>
<condition id="19">
<or_exp><and_exp><literal name="tmp" val="0"/>
</and_exp></or_exp>
</condition>

<Node id="40" bw="6" op_0_bw="6" op_1_bw="6">
<![CDATA[
:4  %j_2 = add i6 %j, 1

]]></Node>
<StgValue><ssdm name="j_2"/></StgValue>
</operation>

<operation id="38" st_id="4" stage="1" lat="1">
<core>NULL</core>
<MemPortIdVec></MemPortIdVec>
<condition id="19">
<or_exp><and_exp><literal name="tmp" val="0"/>
</and_exp></or_exp>
</condition>

<Node id="41" bw="0" op_0_bw="1" op_1_bw="0" op_2_bw="0">
<![CDATA[
:5  br i1 %tmp_s, label %.loopexit.loopexit, label %5

]]></Node>
<StgValue><ssdm name=""/></StgValue>
</operation>

<operation id="39" st_id="4" stage="1" lat="1">
<core>NULL</core>
<MemPortIdVec></MemPortIdVec>
<condition id="21">
<or_exp><and_exp><literal name="tmp" val="0"/>
<literal name="tmp_s" val="0"/>
</and_exp></or_exp>
</condition>

<Node id="43" bw="0" op_0_bw="0" op_1_bw="0">
<![CDATA[
:0  call void (...)* @_ssdm_op_SpecLoopName([20 x i8]* @p_str1) nounwind

]]></Node>
<StgValue><ssdm name=""/></StgValue>
</operation>

<operation id="40" st_id="4" stage="1" lat="1">
<core>NULL</core>
<MemPortIdVec></MemPortIdVec>
<condition id="21">
<or_exp><and_exp><literal name="tmp" val="0"/>
<literal name="tmp_s" val="0"/>
</and_exp></or_exp>
</condition>

<Node id="44" bw="6" op_0_bw="8" op_1_bw="32" op_2_bw="32">
<![CDATA[
:1  %ctx_in_data_addr_3 = getelementptr [64 x i8]* @ctx_in_data, i32 0, i32 %j_cast5

]]></Node>
<StgValue><ssdm name="ctx_in_data_addr_3"/></StgValue>
</operation>

<operation id="41" st_id="4" stage="1" lat="1">
<core>RAM</core>
<MemPortIdVec>0 </MemPortIdVec>
<condition id="21">
<or_exp><and_exp><literal name="tmp" val="0"/>
<literal name="tmp_s" val="0"/>
</and_exp></or_exp>
</condition>

<Node id="45" bw="0" op_0_bw="8" op_1_bw="6">
<![CDATA[
:2  store i8 0, i8* %ctx_in_data_addr_3, align 1

]]></Node>
<StgValue><ssdm name=""/></StgValue>
</operation>

<operation id="42" st_id="4" stage="1" lat="1">
<core>NULL</core>
<MemPortIdVec></MemPortIdVec>
<condition id="21">
<or_exp><and_exp><literal name="tmp" val="0"/>
<literal name="tmp_s" val="0"/>
</and_exp></or_exp>
</condition>

<Node id="46" bw="0" op_0_bw="0">
<![CDATA[
:3  br label %4

]]></Node>
<StgValue><ssdm name=""/></StgValue>
</operation>

<operation id="43" st_id="4" stage="1" lat="1">
<core>NULL</core>
<MemPortIdVec></MemPortIdVec>
<condition id="23">
<or_exp><and_exp><literal name="tmp" val="0"/>
<literal name="tmp_s" val="1"/>
</and_exp></or_exp>
</condition>

<Node id="48" bw="0" op_0_bw="0">
<![CDATA[
.loopexit.loopexit:0  br label %.loopexit

]]></Node>
<StgValue><ssdm name=""/></StgValue>
</operation>

<operation id="44" st_id="4" stage="1" lat="1">
<core>NULL</core>
<MemPortIdVec></MemPortIdVec>
<condition id="26">
<or_exp><and_exp><literal name="tmp" val="1"/>
</and_exp><and_exp><literal name="tmp_s" val="1"/>
</and_exp></or_exp>
</condition>

<Node id="63" bw="32" op_0_bw="32">
<![CDATA[
.loopexit:0  %ctx_bitlen_0_load = load i32* @ctx_bitlen_0, align 4

]]></Node>
<StgValue><ssdm name="ctx_bitlen_0_load"/></StgValue>
</operation>

<operation id="45" st_id="4" stage="1" lat="1">
<core>NULL</core>
<MemPortIdVec></MemPortIdVec>
<condition id="26">
<or_exp><and_exp><literal name="tmp" val="1"/>
</and_exp><and_exp><literal name="tmp_s" val="1"/>
</and_exp></or_exp>
</condition>

<Node id="64" bw="6" op_0_bw="32">
<![CDATA[
.loopexit:1  %tmp_83 = trunc i32 %i to i6

]]></Node>
<StgValue><ssdm name="tmp_83"/></StgValue>
</operation>

<operation id="46" st_id="4" stage="1" lat="1">
<core>NULL</core>
<MemPortIdVec></MemPortIdVec>
<condition id="26">
<or_exp><and_exp><literal name="tmp" val="1"/>
</and_exp><and_exp><literal name="tmp_s" val="1"/>
</and_exp></or_exp>
</condition>

<Node id="65" bw="5" op_0_bw="32">
<![CDATA[
.loopexit:2  %tmp_85 = trunc i32 %i to i5

]]></Node>
<StgValue><ssdm name="tmp_85"/></StgValue>
</operation>

<operation id="47" st_id="4" stage="1" lat="1">
<core>NULL</core>
<MemPortIdVec></MemPortIdVec>
<condition id="26">
<or_exp><and_exp><literal name="tmp" val="1"/>
</and_exp><and_exp><literal name="tmp_s" val="1"/>
</and_exp></or_exp>
</condition>

<Node id="66" bw="9" op_0_bw="9" op_1_bw="6" op_2_bw="3">
<![CDATA[
.loopexit:3  %tmp_65 = call i9 @_ssdm_op_BitConcatenate.i9.i6.i3(i6 %tmp_83, i3 0)

]]></Node>
<StgValue><ssdm name="tmp_65"/></StgValue>
</operation>

<operation id="48" st_id="4" stage="1" lat="1">
<core>NULL</core>
<MemPortIdVec></MemPortIdVec>
<condition id="26">
<or_exp><and_exp><literal name="tmp" val="1"/>
</and_exp><and_exp><literal name="tmp_s" val="1"/>
</and_exp></or_exp>
</condition>

<Node id="67" bw="32" op_0_bw="9">
<![CDATA[
.loopexit:4  %tmp_82_cast = zext i9 %tmp_65 to i32

]]></Node>
<StgValue><ssdm name="tmp_82_cast"/></StgValue>
</operation>

<operation id="49" st_id="4" stage="1" lat="1">
<core>LogicGate</core>
<MemPortIdVec></MemPortIdVec>
<condition id="26">
<or_exp><and_exp><literal name="tmp" val="1"/>
</and_exp><and_exp><literal name="tmp_s" val="1"/>
</and_exp></or_exp>
</condition>

<Node id="68" bw="32" op_0_bw="32" op_1_bw="32">
<![CDATA[
.loopexit:5  %tmp_66 = xor i32 %tmp_82_cast, -1

]]></Node>
<StgValue><ssdm name="tmp_66"/></StgValue>
</operation>

<operation id="50" st_id="4" stage="1" lat="1">
<core>Cmp</core>
<MemPortIdVec></MemPortIdVec>
<condition id="26">
<or_exp><and_exp><literal name="tmp" val="1"/>
</and_exp><and_exp><literal name="tmp_s" val="1"/>
</and_exp></or_exp>
</condition>

<Node id="69" bw="1" op_0_bw="32" op_1_bw="32">
<![CDATA[
.loopexit:6  %tmp_67 = icmp ugt i32 %ctx_bitlen_0_load, %tmp_66

]]></Node>
<StgValue><ssdm name="tmp_67"/></StgValue>
</operation>

<operation id="51" st_id="4" stage="1" lat="1">
<core>NULL</core>
<MemPortIdVec></MemPortIdVec>
<condition id="26">
<or_exp><and_exp><literal name="tmp" val="1"/>
</and_exp><and_exp><literal name="tmp_s" val="1"/>
</and_exp></or_exp>
</condition>

<Node id="70" bw="32" op_0_bw="32">
<![CDATA[
.loopexit:7  %ctx_bitlen_1_load = load i32* @ctx_bitlen_1, align 4

]]></Node>
<StgValue><ssdm name="ctx_bitlen_1_load"/></StgValue>
</operation>

<operation id="52" st_id="4" stage="1" lat="1">
<core>NULL</core>
<MemPortIdVec></MemPortIdVec>
<condition id="26">
<or_exp><and_exp><literal name="tmp" val="1"/>
</and_exp><and_exp><literal name="tmp_s" val="1"/>
</and_exp></or_exp>
</condition>

<Node id="71" bw="0" op_0_bw="1" op_1_bw="0" op_2_bw="0">
<![CDATA[
.loopexit:8  br i1 %tmp_67, label %6, label %.loopexit._crit_edge

]]></Node>
<StgValue><ssdm name=""/></StgValue>
</operation>

<operation id="53" st_id="4" stage="1" lat="1">
<core>AddSub</core>
<MemPortIdVec></MemPortIdVec>
<condition id="28">
<or_exp><and_exp><literal name="tmp" val="1"/>
<literal name="tmp_67" val="1"/>
</and_exp><and_exp><literal name="tmp_s" val="1"/>
<literal name="tmp_67" val="1"/>
</and_exp></or_exp>
</condition>

<Node id="73" bw="32" op_0_bw="32" op_1_bw="32">
<![CDATA[
:0  %tmp_68 = add i32 %ctx_bitlen_1_load, 1

]]></Node>
<StgValue><ssdm name="tmp_68"/></StgValue>
</operation>

<operation id="54" st_id="4" stage="1" lat="1">
<core>NULL</core>
<MemPortIdVec></MemPortIdVec>
<condition id="28">
<or_exp><and_exp><literal name="tmp" val="1"/>
<literal name="tmp_67" val="1"/>
</and_exp><and_exp><literal name="tmp_s" val="1"/>
<literal name="tmp_67" val="1"/>
</and_exp></or_exp>
</condition>

<Node id="74" bw="0" op_0_bw="32" op_1_bw="32">
<![CDATA[
:1  store i32 %tmp_68, i32* @ctx_bitlen_1, align 4

]]></Node>
<StgValue><ssdm name=""/></StgValue>
</operation>

<operation id="55" st_id="4" stage="1" lat="1">
<core>NULL</core>
<MemPortIdVec></MemPortIdVec>
<condition id="28">
<or_exp><and_exp><literal name="tmp" val="1"/>
<literal name="tmp_67" val="1"/>
</and_exp><and_exp><literal name="tmp_s" val="1"/>
<literal name="tmp_67" val="1"/>
</and_exp></or_exp>
</condition>

<Node id="75" bw="0" op_0_bw="0">
<![CDATA[
:2  br label %.loopexit._crit_edge

]]></Node>
<StgValue><ssdm name=""/></StgValue>
</operation>

<operation id="56" st_id="4" stage="1" lat="1">
<core>NULL</core>
<MemPortIdVec></MemPortIdVec>
<condition id="31">
<or_exp><and_exp><literal name="tmp" val="1"/>
</and_exp><and_exp><literal name="tmp_s" val="1"/>
</and_exp></or_exp>
</condition>

<Node id="78" bw="8" op_0_bw="8" op_1_bw="5" op_2_bw="3">
<![CDATA[
.loopexit._crit_edge:1  %tmp_12 = call i8 @_ssdm_op_BitConcatenate.i8.i5.i3(i5 %tmp_85, i3 0)

]]></Node>
<StgValue><ssdm name="tmp_12"/></StgValue>
</operation>

<operation id="57" st_id="4" stage="1" lat="1">
<core>NULL</core>
<MemPortIdVec></MemPortIdVec>
<condition id="31">
<or_exp><and_exp><literal name="tmp" val="1"/>
</and_exp><and_exp><literal name="tmp_s" val="1"/>
</and_exp></or_exp>
</condition>

<Node id="79" bw="8" op_0_bw="32">
<![CDATA[
.loopexit._crit_edge:2  %tmp_87 = trunc i32 %ctx_bitlen_0_load to i8

]]></Node>
<StgValue><ssdm name="tmp_87"/></StgValue>
</operation>

<operation id="58" st_id="4" stage="1" lat="1">
<core>NULL</core>
<MemPortIdVec></MemPortIdVec>
<condition id="31">
<or_exp><and_exp><literal name="tmp" val="1"/>
</and_exp><and_exp><literal name="tmp_s" val="1"/>
</and_exp></or_exp>
</condition>

<Node id="80" bw="16" op_0_bw="32">
<![CDATA[
.loopexit._crit_edge:3  %tmp_89 = trunc i32 %ctx_bitlen_0_load to i16

]]></Node>
<StgValue><ssdm name="tmp_89"/></StgValue>
</operation>

<operation id="59" st_id="4" stage="1" lat="1">
<core>NULL</core>
<MemPortIdVec></MemPortIdVec>
<condition id="31">
<or_exp><and_exp><literal name="tmp" val="1"/>
</and_exp><and_exp><literal name="tmp_s" val="1"/>
</and_exp></or_exp>
</condition>

<Node id="81" bw="16" op_0_bw="9">
<![CDATA[
.loopexit._crit_edge:4  %tmp_15 = zext i9 %tmp_65 to i16

]]></Node>
<StgValue><ssdm name="tmp_15"/></StgValue>
</operation>

<operation id="60" st_id="4" stage="1" lat="1">
<core>NULL</core>
<MemPortIdVec></MemPortIdVec>
<condition id="31">
<or_exp><and_exp><literal name="tmp" val="1"/>
</and_exp><and_exp><literal name="tmp_s" val="1"/>
</and_exp></or_exp>
</condition>

<Node id="82" bw="24" op_0_bw="32">
<![CDATA[
.loopexit._crit_edge:5  %tmp_91 = trunc i32 %ctx_bitlen_0_load to i24

]]></Node>
<StgValue><ssdm name="tmp_91"/></StgValue>
</operation>

<operation id="61" st_id="4" stage="1" lat="1">
<core>NULL</core>
<MemPortIdVec></MemPortIdVec>
<condition id="31">
<or_exp><and_exp><literal name="tmp" val="1"/>
</and_exp><and_exp><literal name="tmp_s" val="1"/>
</and_exp></or_exp>
</condition>

<Node id="83" bw="24" op_0_bw="9">
<![CDATA[
.loopexit._crit_edge:6  %tmp_17 = zext i9 %tmp_65 to i24

]]></Node>
<StgValue><ssdm name="tmp_17"/></StgValue>
</operation>

<operation id="62" st_id="4" stage="1" lat="1">
<core>AddSub</core>
<MemPortIdVec></MemPortIdVec>
<condition id="31">
<or_exp><and_exp><literal name="tmp" val="1"/>
</and_exp><and_exp><literal name="tmp_s" val="1"/>
</and_exp></or_exp>
</condition>

<Node id="84" bw="32" op_0_bw="32" op_1_bw="32">
<![CDATA[
.loopexit._crit_edge:7  %tmp_69 = add i32 %tmp_82_cast, %ctx_bitlen_0_load

]]></Node>
<StgValue><ssdm name="tmp_69"/></StgValue>
</operation>

<operation id="63" st_id="4" stage="1" lat="1">
<core>AddSub</core>
<MemPortIdVec></MemPortIdVec>
<condition id="31">
<or_exp><and_exp><literal name="tmp" val="1"/>
</and_exp><and_exp><literal name="tmp_s" val="1"/>
</and_exp></or_exp>
</condition>

<Node id="85" bw="24" op_0_bw="24" op_1_bw="24">
<![CDATA[
.loopexit._crit_edge:8  %tmp_86_cast3 = add i24 %tmp_91, %tmp_17

]]></Node>
<StgValue><ssdm name="tmp_86_cast3"/></StgValue>
</operation>

<operation id="64" st_id="4" stage="1" lat="1">
<core>AddSub</core>
<MemPortIdVec></MemPortIdVec>
<condition id="31">
<or_exp><and_exp><literal name="tmp" val="1"/>
</and_exp><and_exp><literal name="tmp_s" val="1"/>
</and_exp></or_exp>
</condition>

<Node id="86" bw="16" op_0_bw="16" op_1_bw="16">
<![CDATA[
.loopexit._crit_edge:9  %tmp_86_cast = add i16 %tmp_89, %tmp_15

]]></Node>
<StgValue><ssdm name="tmp_86_cast"/></StgValue>
</operation>

<operation id="65" st_id="4" stage="1" lat="1">
<core>NULL</core>
<MemPortIdVec></MemPortIdVec>
<condition id="31">
<or_exp><and_exp><literal name="tmp" val="1"/>
</and_exp><and_exp><literal name="tmp_s" val="1"/>
</and_exp></or_exp>
</condition>

<Node id="87" bw="0" op_0_bw="32" op_1_bw="32">
<![CDATA[
.loopexit._crit_edge:10  store i32 %tmp_69, i32* @ctx_bitlen_0, align 4

]]></Node>
<StgValue><ssdm name=""/></StgValue>
</operation>

<operation id="66" st_id="4" stage="1" lat="1">
<core>AddSub</core>
<MemPortIdVec></MemPortIdVec>
<condition id="31">
<or_exp><and_exp><literal name="tmp" val="1"/>
</and_exp><and_exp><literal name="tmp_s" val="1"/>
</and_exp></or_exp>
</condition>

<Node id="88" bw="8" op_0_bw="8" op_1_bw="8">
<![CDATA[
.loopexit._crit_edge:11  %tmp_70 = add i8 %tmp_87, %tmp_12

]]></Node>
<StgValue><ssdm name="tmp_70"/></StgValue>
</operation>

<operation id="67" st_id="4" stage="1" lat="1">
<core>RAM</core>
<MemPortIdVec>0 </MemPortIdVec>
<condition id="31">
<or_exp><and_exp><literal name="tmp" val="1"/>
</and_exp><and_exp><literal name="tmp_s" val="1"/>
</and_exp></or_exp>
</condition>

<Node id="89" bw="0" op_0_bw="8" op_1_bw="8">
<![CDATA[
.loopexit._crit_edge:12  store i8 %tmp_70, i8* getelementptr inbounds ([64 x i8]* @ctx_in_data, i32 0, i32 63), align 1

]]></Node>
<StgValue><ssdm name=""/></StgValue>
</operation>

<operation id="68" st_id="4" stage="1" lat="1">
<core>NULL</core>
<MemPortIdVec></MemPortIdVec>
<condition id="31">
<or_exp><and_exp><literal name="tmp" val="1"/>
</and_exp><and_exp><literal name="tmp_s" val="1"/>
</and_exp></or_exp>
</condition>

<Node id="90" bw="8" op_0_bw="8" op_1_bw="16" op_2_bw="32" op_3_bw="32">
<![CDATA[
.loopexit._crit_edge:13  %tmp_71 = call i8 @_ssdm_op_PartSelect.i8.i16.i32.i32(i16 %tmp_86_cast, i32 8, i32 15)

]]></Node>
<StgValue><ssdm name="tmp_71"/></StgValue>
</operation>

<operation id="69" st_id="4" stage="1" lat="1">
<core>RAM</core>
<MemPortIdVec>1 </MemPortIdVec>
<condition id="31">
<or_exp><and_exp><literal name="tmp" val="1"/>
</and_exp><and_exp><literal name="tmp_s" val="1"/>
</and_exp></or_exp>
</condition>

<Node id="91" bw="0" op_0_bw="8" op_1_bw="8">
<![CDATA[
.loopexit._crit_edge:14  store i8 %tmp_71, i8* getelementptr inbounds ([64 x i8]* @ctx_in_data, i32 0, i32 62), align 2

]]></Node>
<StgValue><ssdm name=""/></StgValue>
</operation>

<operation id="70" st_id="4" stage="1" lat="1">
<core>NULL</core>
<MemPortIdVec></MemPortIdVec>
<condition id="31">
<or_exp><and_exp><literal name="tmp" val="1"/>
</and_exp><and_exp><literal name="tmp_s" val="1"/>
</and_exp></or_exp>
</condition>

<Node id="92" bw="8" op_0_bw="8" op_1_bw="24" op_2_bw="32" op_3_bw="32">
<![CDATA[
.loopexit._crit_edge:15  %tmp_72 = call i8 @_ssdm_op_PartSelect.i8.i24.i32.i32(i24 %tmp_86_cast3, i32 16, i32 23)

]]></Node>
<StgValue><ssdm name="tmp_72"/></StgValue>
</operation>

<operation id="71" st_id="4" stage="1" lat="1">
<core>NULL</core>
<MemPortIdVec></MemPortIdVec>
<condition id="31">
<or_exp><and_exp><literal name="tmp" val="1"/>
</and_exp><and_exp><literal name="tmp_s" val="1"/>
</and_exp></or_exp>
</condition>

<Node id="94" bw="8" op_0_bw="8" op_1_bw="32" op_2_bw="32" op_3_bw="32">
<![CDATA[
.loopexit._crit_edge:17  %tmp_73 = call i8 @_ssdm_op_PartSelect.i8.i32.i32.i32(i32 %tmp_69, i32 24, i32 31)

]]></Node>
<StgValue><ssdm name="tmp_73"/></StgValue>
</operation>
</state>

<state id="5" st_id="5">

<operation id="72" st_id="5" stage="1" lat="1">
<core>NULL</core>
<MemPortIdVec></MemPortIdVec>
<condition id="32">
<or_exp><and_exp></and_exp></or_exp>
</condition>

<Node id="52" bw="32" op_0_bw="32" op_1_bw="0">
<![CDATA[
.preheader18:0  %i_0_in = phi i32 [ %i_5, %1 ], [ %i, %.preheader18.preheader ]

]]></Node>
<StgValue><ssdm name="i_0_in"/></StgValue>
</operation>

<operation id="73" st_id="5" stage="1" lat="1">
<core>AddSub</core>
<MemPortIdVec></MemPortIdVec>
<condition id="32">
<or_exp><and_exp></and_exp></or_exp>
</condition>

<Node id="53" bw="32" op_0_bw="32" op_1_bw="32">
<![CDATA[
.preheader18:1  %i_5 = add i32 %i_0_in, 1

]]></Node>
<StgValue><ssdm name="i_5"/></StgValue>
</operation>

<operation id="74" st_id="5" stage="1" lat="1">
<core>Cmp</core>
<MemPortIdVec></MemPortIdVec>
<condition id="32">
<or_exp><and_exp></and_exp></or_exp>
</condition>

<Node id="54" bw="1" op_0_bw="32" op_1_bw="32">
<![CDATA[
.preheader18:2  %exitcond = icmp eq i32 %i_0_in, 55

]]></Node>
<StgValue><ssdm name="exitcond"/></StgValue>
</operation>

<operation id="75" st_id="5" stage="1" lat="1">
<core>NULL</core>
<MemPortIdVec></MemPortIdVec>
<condition id="32">
<or_exp><and_exp></and_exp></or_exp>
</condition>

<Node id="55" bw="0" op_0_bw="1" op_1_bw="0" op_2_bw="0">
<![CDATA[
.preheader18:3  br i1 %exitcond, label %.loopexit.loopexit11, label %1

]]></Node>
<StgValue><ssdm name=""/></StgValue>
</operation>

<operation id="76" st_id="5" stage="1" lat="1">
<core>NULL</core>
<MemPortIdVec></MemPortIdVec>
<condition id="34">
<or_exp><and_exp><literal name="exitcond" val="0"/>
</and_exp></or_exp>
</condition>

<Node id="57" bw="6" op_0_bw="8" op_1_bw="32" op_2_bw="32">
<![CDATA[
:0  %ctx_in_data_addr_1 = getelementptr [64 x i8]* @ctx_in_data, i32 0, i32 %i_5

]]></Node>
<StgValue><ssdm name="ctx_in_data_addr_1"/></StgValue>
</operation>

<operation id="77" st_id="5" stage="1" lat="1">
<core>RAM</core>
<MemPortIdVec>1 </MemPortIdVec>
<condition id="34">
<or_exp><and_exp><literal name="exitcond" val="0"/>
</and_exp></or_exp>
</condition>

<Node id="58" bw="0" op_0_bw="8" op_1_bw="6">
<![CDATA[
:1  store i8 0, i8* %ctx_in_data_addr_1, align 1

]]></Node>
<StgValue><ssdm name=""/></StgValue>
</operation>

<operation id="78" st_id="5" stage="1" lat="1">
<core>NULL</core>
<MemPortIdVec></MemPortIdVec>
<condition id="34">
<or_exp><and_exp><literal name="exitcond" val="0"/>
</and_exp></or_exp>
</condition>

<Node id="59" bw="0" op_0_bw="0">
<![CDATA[
:2  br label %.preheader18

]]></Node>
<StgValue><ssdm name=""/></StgValue>
</operation>

<operation id="79" st_id="5" stage="1" lat="1">
<core>NULL</core>
<MemPortIdVec></MemPortIdVec>
<condition id="36">
<or_exp><and_exp><literal name="exitcond" val="1"/>
</and_exp></or_exp>
</condition>

<Node id="61" bw="0" op_0_bw="0">
<![CDATA[
.loopexit.loopexit11:0  br label %.loopexit

]]></Node>
<StgValue><ssdm name=""/></StgValue>
</operation>
</state>

<state id="6" st_id="6">

<operation id="80" st_id="6" stage="1" lat="1">
<core>NULL</core>
<MemPortIdVec></MemPortIdVec>
<condition id="37">
<or_exp><and_exp></and_exp></or_exp>
</condition>

<Node id="77" bw="32" op_0_bw="32" op_1_bw="0">
<![CDATA[
.loopexit._crit_edge:0  %ctx_bitlen_1_loc = phi i32 [ %tmp_68, %6 ], [ %ctx_bitlen_1_load, %.loopexit ]

]]></Node>
<StgValue><ssdm name="ctx_bitlen_1_loc"/></StgValue>
</operation>

<operation id="81" st_id="6" stage="1" lat="1">
<core>RAM</core>
<MemPortIdVec>1 </MemPortIdVec>
<condition id="37">
<or_exp><and_exp></and_exp></or_exp>
</condition>

<Node id="93" bw="0" op_0_bw="8" op_1_bw="8">
<![CDATA[
.loopexit._crit_edge:16  store i8 %tmp_72, i8* getelementptr inbounds ([64 x i8]* @ctx_in_data, i32 0, i32 61), align 1

]]></Node>
<StgValue><ssdm name=""/></StgValue>
</operation>

<operation id="82" st_id="6" stage="1" lat="1">
<core>RAM</core>
<MemPortIdVec>0 </MemPortIdVec>
<condition id="37">
<or_exp><and_exp></and_exp></or_exp>
</condition>

<Node id="95" bw="0" op_0_bw="8" op_1_bw="8">
<![CDATA[
.loopexit._crit_edge:18  store i8 %tmp_73, i8* getelementptr inbounds ([64 x i8]* @ctx_in_data, i32 0, i32 60), align 4

]]></Node>
<StgValue><ssdm name=""/></StgValue>
</operation>

<operation id="83" st_id="6" stage="1" lat="1">
<core>NULL</core>
<MemPortIdVec></MemPortIdVec>
<condition id="37">
<or_exp><and_exp></and_exp></or_exp>
</condition>

<Node id="96" bw="8" op_0_bw="32">
<![CDATA[
.loopexit._crit_edge:19  %tmp_93 = trunc i32 %ctx_bitlen_1_loc to i8

]]></Node>
<StgValue><ssdm name="tmp_93"/></StgValue>
</operation>

<operation id="84" st_id="6" stage="1" lat="1">
<core>NULL</core>
<MemPortIdVec></MemPortIdVec>
<condition id="37">
<or_exp><and_exp></and_exp></or_exp>
</condition>

<Node id="98" bw="8" op_0_bw="8" op_1_bw="32" op_2_bw="32" op_3_bw="32">
<![CDATA[
.loopexit._crit_edge:21  %tmp_74 = call i8 @_ssdm_op_PartSelect.i8.i32.i32.i32(i32 %ctx_bitlen_1_loc, i32 8, i32 15)

]]></Node>
<StgValue><ssdm name="tmp_74"/></StgValue>
</operation>

<operation id="85" st_id="6" stage="1" lat="1">
<core>NULL</core>
<MemPortIdVec></MemPortIdVec>
<condition id="37">
<or_exp><and_exp></and_exp></or_exp>
</condition>

<Node id="100" bw="8" op_0_bw="8" op_1_bw="32" op_2_bw="32" op_3_bw="32">
<![CDATA[
.loopexit._crit_edge:23  %tmp_76 = call i8 @_ssdm_op_PartSelect.i8.i32.i32.i32(i32 %ctx_bitlen_1_loc, i32 16, i32 23)

]]></Node>
<StgValue><ssdm name="tmp_76"/></StgValue>
</operation>

<operation id="86" st_id="6" stage="1" lat="1">
<core>NULL</core>
<MemPortIdVec></MemPortIdVec>
<condition id="37">
<or_exp><and_exp></and_exp></or_exp>
</condition>

<Node id="102" bw="8" op_0_bw="8" op_1_bw="32" op_2_bw="32" op_3_bw="32">
<![CDATA[
.loopexit._crit_edge:25  %tmp_77 = call i8 @_ssdm_op_PartSelect.i8.i32.i32.i32(i32 %ctx_bitlen_1_loc, i32 24, i32 31)

]]></Node>
<StgValue><ssdm name="tmp_77"/></StgValue>
</operation>
</state>

<state id="7" st_id="7">

<operation id="87" st_id="7" stage="1" lat="1">
<core>RAM</core>
<MemPortIdVec>1 </MemPortIdVec>
<condition id="38">
<or_exp><and_exp></and_exp></or_exp>
</condition>

<Node id="97" bw="0" op_0_bw="8" op_1_bw="8">
<![CDATA[
.loopexit._crit_edge:20  store i8 %tmp_93, i8* getelementptr inbounds ([64 x i8]* @ctx_in_data, i32 0, i32 59), align 1

]]></Node>
<StgValue><ssdm name=""/></StgValue>
</operation>

<operation id="88" st_id="7" stage="1" lat="1">
<core>RAM</core>
<MemPortIdVec>0 </MemPortIdVec>
<condition id="38">
<or_exp><and_exp></and_exp></or_exp>
</condition>

<Node id="99" bw="0" op_0_bw="8" op_1_bw="8">
<![CDATA[
.loopexit._crit_edge:22  store i8 %tmp_74, i8* getelementptr inbounds ([64 x i8]* @ctx_in_data, i32 0, i32 58), align 2

]]></Node>
<StgValue><ssdm name=""/></StgValue>
</operation>
</state>

<state id="8" st_id="8">

<operation id="89" st_id="8" stage="1" lat="1">
<core>RAM</core>
<MemPortIdVec>1 </MemPortIdVec>
<condition id="39">
<or_exp><and_exp></and_exp></or_exp>
</condition>

<Node id="101" bw="0" op_0_bw="8" op_1_bw="8">
<![CDATA[
.loopexit._crit_edge:24  store i8 %tmp_76, i8* getelementptr inbounds ([64 x i8]* @ctx_in_data, i32 0, i32 57), align 1

]]></Node>
<StgValue><ssdm name=""/></StgValue>
</operation>

<operation id="90" st_id="8" stage="1" lat="1">
<core>RAM</core>
<MemPortIdVec>0 </MemPortIdVec>
<condition id="39">
<or_exp><and_exp></and_exp></or_exp>
</condition>

<Node id="103" bw="0" op_0_bw="8" op_1_bw="8">
<![CDATA[
.loopexit._crit_edge:26  store i8 %tmp_77, i8* getelementptr inbounds ([64 x i8]* @ctx_in_data, i32 0, i32 56), align 8

]]></Node>
<StgValue><ssdm name=""/></StgValue>
</operation>
</state>

<state id="9" st_id="9">

<operation id="91" st_id="9" stage="2" lat="2">
<core></core>
<MemPortIdVec></MemPortIdVec>
<condition id="40">
<or_exp><and_exp></and_exp></or_exp>
</condition>

<Node id="104" bw="0" op_0_bw="0" op_1_bw="8">
<![CDATA[
.loopexit._crit_edge:27  call fastcc void @sha256_transform([64 x i8]* @ctx_in_data)

]]></Node>
<StgValue><ssdm name=""/></StgValue>
</operation>
</state>

<state id="10" st_id="10">

<operation id="92" st_id="10" stage="1" lat="2">
<core></core>
<MemPortIdVec></MemPortIdVec>
<condition id="41">
<or_exp><and_exp></and_exp></or_exp>
</condition>

<Node id="104" bw="0" op_0_bw="0" op_1_bw="8">
<![CDATA[
.loopexit._crit_edge:27  call fastcc void @sha256_transform([64 x i8]* @ctx_in_data)

]]></Node>
<StgValue><ssdm name=""/></StgValue>
</operation>

<operation id="93" st_id="10" stage="1" lat="1">
<core>NULL</core>
<MemPortIdVec></MemPortIdVec>
<condition id="41">
<or_exp><and_exp></and_exp></or_exp>
</condition>

<Node id="105" bw="0" op_0_bw="0">
<![CDATA[
.loopexit._crit_edge:28  br label %7

]]></Node>
<StgValue><ssdm name=""/></StgValue>
</operation>
</state>

<state id="11" st_id="11">

<operation id="94" st_id="11" stage="1" lat="1">
<core>NULL</core>
<MemPortIdVec></MemPortIdVec>
<condition id="42">
<or_exp><and_exp></and_exp></or_exp>
</condition>

<Node id="107" bw="3" op_0_bw="3" op_1_bw="0">
<![CDATA[
:0  %i_2 = phi i3 [ 0, %.loopexit._crit_edge ], [ %i_6, %8 ]

]]></Node>
<StgValue><ssdm name="i_2"/></StgValue>
</operation>

<operation id="95" st_id="11" stage="1" lat="1">
<core>NULL</core>
<MemPortIdVec></MemPortIdVec>
<condition id="42">
<or_exp><and_exp></and_exp></or_exp>
</condition>

<Node id="108" bw="32" op_0_bw="3">
<![CDATA[
:1  %i_2_cast2 = zext i3 %i_2 to i32

]]></Node>
<StgValue><ssdm name="i_2_cast2"/></StgValue>
</operation>

<operation id="96" st_id="11" stage="1" lat="1">
<core>NULL</core>
<MemPortIdVec></MemPortIdVec>
<condition id="42">
<or_exp><and_exp></and_exp></or_exp>
</condition>

<Node id="109" bw="5" op_0_bw="3">
<![CDATA[
:2  %i_2_cast1 = zext i3 %i_2 to i5

]]></Node>
<StgValue><ssdm name="i_2_cast1"/></StgValue>
</operation>

<operation id="97" st_id="11" stage="1" lat="1">
<core>Cmp</core>
<MemPortIdVec></MemPortIdVec>
<condition id="42">
<or_exp><and_exp></and_exp></or_exp>
</condition>

<Node id="110" bw="1" op_0_bw="3" op_1_bw="3">
<![CDATA[
:3  %tmp_78 = icmp eq i3 %i_2, -4

]]></Node>
<StgValue><ssdm name="tmp_78"/></StgValue>
</operation>

<operation id="98" st_id="11" stage="1" lat="1">
<core>NULL</core>
<MemPortIdVec></MemPortIdVec>
<condition id="42">
<or_exp><and_exp></and_exp></or_exp>
</condition>

<Node id="111" bw="32" op_0_bw="32" op_1_bw="64" op_2_bw="64" op_3_bw="64">
<![CDATA[
:4  %empty_11 = call i32 (...)* @_ssdm_op_SpecLoopTripCount(i64 4, i64 4, i64 4)

]]></Node>
<StgValue><ssdm name="empty_11"/></StgValue>
</operation>

<operation id="99" st_id="11" stage="1" lat="1">
<core>AddSub</core>
<MemPortIdVec></MemPortIdVec>
<condition id="42">
<or_exp><and_exp></and_exp></or_exp>
</condition>

<Node id="112" bw="3" op_0_bw="3" op_1_bw="3">
<![CDATA[
:5  %i_6 = add i3 %i_2, 1

]]></Node>
<StgValue><ssdm name="i_6"/></StgValue>
</operation>

<operation id="100" st_id="11" stage="1" lat="1">
<core>NULL</core>
<MemPortIdVec></MemPortIdVec>
<condition id="42">
<or_exp><and_exp></and_exp></or_exp>
</condition>

<Node id="113" bw="0" op_0_bw="1" op_1_bw="0" op_2_bw="0">
<![CDATA[
:6  br i1 %tmp_78, label %9, label %8

]]></Node>
<StgValue><ssdm name=""/></StgValue>
</operation>

<operation id="101" st_id="11" stage="1" lat="1">
<core>NULL</core>
<MemPortIdVec></MemPortIdVec>
<condition id="44">
<or_exp><and_exp><literal name="tmp_78" val="0"/>
</and_exp></or_exp>
</condition>

<Node id="117" bw="2" op_0_bw="3">
<![CDATA[
:2  %tmp_95 = trunc i3 %i_2 to i2

]]></Node>
<StgValue><ssdm name="tmp_95"/></StgValue>
</operation>

<operation id="102" st_id="11" stage="1" lat="1">
<core>NULL</core>
<MemPortIdVec></MemPortIdVec>
<condition id="44">
<or_exp><and_exp><literal name="tmp_78" val="0"/>
</and_exp></or_exp>
</condition>

<Node id="118" bw="5" op_0_bw="5" op_1_bw="2" op_2_bw="3">
<![CDATA[
:3  %tmp_79 = call i5 @_ssdm_op_BitConcatenate.i5.i2.i3(i2 %tmp_95, i3 0)

]]></Node>
<StgValue><ssdm name="tmp_79"/></StgValue>
</operation>

<operation id="103" st_id="11" stage="1" lat="1">
<core>AddSub</core>
<MemPortIdVec></MemPortIdVec>
<condition id="44">
<or_exp><and_exp><literal name="tmp_78" val="0"/>
</and_exp></or_exp>
</condition>

<Node id="119" bw="5" op_0_bw="5" op_1_bw="5">
<![CDATA[
:4  %tmp_80 = sub i5 -8, %tmp_79

]]></Node>
<StgValue><ssdm name="tmp_80"/></StgValue>
</operation>

<operation id="104" st_id="11" stage="1" lat="1">
<core>NULL</core>
<MemPortIdVec></MemPortIdVec>
<condition id="44">
<or_exp><and_exp><literal name="tmp_78" val="0"/>
</and_exp></or_exp>
</condition>

<Node id="120" bw="32" op_0_bw="5">
<![CDATA[
:5  %tmp_103_cast = zext i5 %tmp_80 to i32

]]></Node>
<StgValue><ssdm name="tmp_103_cast"/></StgValue>
</operation>

<operation id="105" st_id="11" stage="1" lat="1">
<core>NULL</core>
<MemPortIdVec></MemPortIdVec>
<condition id="44">
<or_exp><and_exp><literal name="tmp_78" val="0"/>
</and_exp></or_exp>
</condition>

<Node id="125" bw="32" op_0_bw="32">
<![CDATA[
:10  %ctx_state_1_load = load i32* @ctx_state_1, align 4

]]></Node>
<StgValue><ssdm name="ctx_state_1_load"/></StgValue>
</operation>

<operation id="106" st_id="11" stage="1" lat="1">
<core>Shift</core>
<MemPortIdVec></MemPortIdVec>
<condition id="44">
<or_exp><and_exp><literal name="tmp_78" val="0"/>
</and_exp></or_exp>
</condition>

<Node id="126" bw="32" op_0_bw="32" op_1_bw="32">
<![CDATA[
:11  %tmp_82 = lshr i32 %ctx_state_1_load, %tmp_103_cast

]]></Node>
<StgValue><ssdm name="tmp_82"/></StgValue>
</operation>

<operation id="107" st_id="11" stage="1" lat="1">
<core>NULL</core>
<MemPortIdVec></MemPortIdVec>
<condition id="44">
<or_exp><and_exp><literal name="tmp_78" val="0"/>
</and_exp></or_exp>
</condition>

<Node id="127" bw="8" op_0_bw="32">
<![CDATA[
:12  %tmp_98 = trunc i32 %tmp_82 to i8

]]></Node>
<StgValue><ssdm name="tmp_98"/></StgValue>
</operation>

<operation id="108" st_id="11" stage="1" lat="1">
<core>LogicGate</core>
<MemPortIdVec></MemPortIdVec>
<condition id="44">
<or_exp><and_exp><literal name="tmp_78" val="0"/>
</and_exp></or_exp>
</condition>

<Node id="128" bw="3" op_0_bw="3" op_1_bw="3">
<![CDATA[
:13  %sum2 = xor i3 %i_2, -4

]]></Node>
<StgValue><ssdm name="sum2"/></StgValue>
</operation>

<operation id="109" st_id="11" stage="1" lat="1">
<core>NULL</core>
<MemPortIdVec></MemPortIdVec>
<condition id="44">
<or_exp><and_exp><literal name="tmp_78" val="0"/>
</and_exp></or_exp>
</condition>

<Node id="129" bw="32" op_0_bw="3">
<![CDATA[
:14  %sum2_cast = zext i3 %sum2 to i32

]]></Node>
<StgValue><ssdm name="sum2_cast"/></StgValue>
</operation>

<operation id="110" st_id="11" stage="1" lat="1">
<core>NULL</core>
<MemPortIdVec></MemPortIdVec>
<condition id="44">
<or_exp><and_exp><literal name="tmp_78" val="0"/>
</and_exp></or_exp>
</condition>

<Node id="130" bw="5" op_0_bw="8" op_1_bw="32" op_2_bw="32">
<![CDATA[
:15  %final_hash_addr_1 = getelementptr [32 x i8]* %final_hash, i32 0, i32 %sum2_cast

]]></Node>
<StgValue><ssdm name="final_hash_addr_1"/></StgValue>
</operation>

<operation id="111" st_id="11" stage="1" lat="1">
<core>RAM</core>
<MemPortIdVec>0 </MemPortIdVec>
<condition id="44">
<or_exp><and_exp><literal name="tmp_78" val="0"/>
</and_exp></or_exp>
</condition>

<Node id="131" bw="0" op_0_bw="8" op_1_bw="5">
<![CDATA[
:16  store i8 %tmp_98, i8* %final_hash_addr_1, align 1

]]></Node>
<StgValue><ssdm name=""/></StgValue>
</operation>

<operation id="112" st_id="11" stage="1" lat="1">
<core>NULL</core>
<MemPortIdVec></MemPortIdVec>
<condition id="44">
<or_exp><and_exp><literal name="tmp_78" val="0"/>
</and_exp></or_exp>
</condition>

<Node id="132" bw="32" op_0_bw="32">
<![CDATA[
:17  %ctx_state_2_load = load i32* @ctx_state_2, align 8

]]></Node>
<StgValue><ssdm name="ctx_state_2_load"/></StgValue>
</operation>

<operation id="113" st_id="11" stage="1" lat="1">
<core>Shift</core>
<MemPortIdVec></MemPortIdVec>
<condition id="44">
<or_exp><and_exp><literal name="tmp_78" val="0"/>
</and_exp></or_exp>
</condition>

<Node id="133" bw="32" op_0_bw="32" op_1_bw="32">
<![CDATA[
:18  %tmp_84 = lshr i32 %ctx_state_2_load, %tmp_103_cast

]]></Node>
<StgValue><ssdm name="tmp_84"/></StgValue>
</operation>

<operation id="114" st_id="11" stage="1" lat="1">
<core>NULL</core>
<MemPortIdVec></MemPortIdVec>
<condition id="44">
<or_exp><and_exp><literal name="tmp_78" val="0"/>
</and_exp></or_exp>
</condition>

<Node id="134" bw="8" op_0_bw="32">
<![CDATA[
:19  %tmp_99 = trunc i32 %tmp_84 to i8

]]></Node>
<StgValue><ssdm name="tmp_99"/></StgValue>
</operation>

<operation id="115" st_id="11" stage="1" lat="1">
<core>NULL</core>
<MemPortIdVec></MemPortIdVec>
<condition id="44">
<or_exp><and_exp><literal name="tmp_78" val="0"/>
</and_exp></or_exp>
</condition>

<Node id="135" bw="4" op_0_bw="4" op_1_bw="1" op_2_bw="3">
<![CDATA[
:20  %sum1 = call i4 @_ssdm_op_BitConcatenate.i4.i1.i3(i1 true, i3 %i_2)

]]></Node>
<StgValue><ssdm name="sum1"/></StgValue>
</operation>

<operation id="116" st_id="11" stage="1" lat="1">
<core>NULL</core>
<MemPortIdVec></MemPortIdVec>
<condition id="44">
<or_exp><and_exp><literal name="tmp_78" val="0"/>
</and_exp></or_exp>
</condition>

<Node id="136" bw="32" op_0_bw="4">
<![CDATA[
:21  %sum4_cast = zext i4 %sum1 to i32

]]></Node>
<StgValue><ssdm name="sum4_cast"/></StgValue>
</operation>

<operation id="117" st_id="11" stage="1" lat="1">
<core>NULL</core>
<MemPortIdVec></MemPortIdVec>
<condition id="44">
<or_exp><and_exp><literal name="tmp_78" val="0"/>
</and_exp></or_exp>
</condition>

<Node id="137" bw="5" op_0_bw="8" op_1_bw="32" op_2_bw="32">
<![CDATA[
:22  %final_hash_addr_2 = getelementptr [32 x i8]* %final_hash, i32 0, i32 %sum4_cast

]]></Node>
<StgValue><ssdm name="final_hash_addr_2"/></StgValue>
</operation>

<operation id="118" st_id="11" stage="1" lat="1">
<core>RAM</core>
<MemPortIdVec>1 </MemPortIdVec>
<condition id="44">
<or_exp><and_exp><literal name="tmp_78" val="0"/>
</and_exp></or_exp>
</condition>

<Node id="138" bw="0" op_0_bw="8" op_1_bw="5">
<![CDATA[
:23  store i8 %tmp_99, i8* %final_hash_addr_2, align 1

]]></Node>
<StgValue><ssdm name=""/></StgValue>
</operation>

<operation id="119" st_id="11" stage="1" lat="1">
<core>NULL</core>
<MemPortIdVec></MemPortIdVec>
<condition id="46">
<or_exp><and_exp><literal name="tmp_78" val="1"/>
</and_exp></or_exp>
</condition>

<Node id="176" bw="0">
<![CDATA[
:0  ret void

]]></Node>
<StgValue><ssdm name=""/></StgValue>
</operation>
</state>

<state id="12" st_id="12">

<operation id="120" st_id="12" stage="1" lat="1">
<core>NULL</core>
<MemPortIdVec></MemPortIdVec>
<condition id="47">
<or_exp><and_exp></and_exp></or_exp>
</condition>

<Node id="116" bw="32" op_0_bw="32">
<![CDATA[
:1  %ctx_state_0_load = load i32* @ctx_state_0, align 16

]]></Node>
<StgValue><ssdm name="ctx_state_0_load"/></StgValue>
</operation>

<operation id="121" st_id="12" stage="1" lat="1">
<core>Shift</core>
<MemPortIdVec></MemPortIdVec>
<condition id="47">
<or_exp><and_exp></and_exp></or_exp>
</condition>

<Node id="121" bw="32" op_0_bw="32" op_1_bw="32">
<![CDATA[
:6  %tmp_81 = lshr i32 %ctx_state_0_load, %tmp_103_cast

]]></Node>
<StgValue><ssdm name="tmp_81"/></StgValue>
</operation>

<operation id="122" st_id="12" stage="1" lat="1">
<core>NULL</core>
<MemPortIdVec></MemPortIdVec>
<condition id="47">
<or_exp><and_exp></and_exp></or_exp>
</condition>

<Node id="122" bw="8" op_0_bw="32">
<![CDATA[
:7  %tmp_97 = trunc i32 %tmp_81 to i8

]]></Node>
<StgValue><ssdm name="tmp_97"/></StgValue>
</operation>

<operation id="123" st_id="12" stage="1" lat="1">
<core>NULL</core>
<MemPortIdVec></MemPortIdVec>
<condition id="47">
<or_exp><and_exp></and_exp></or_exp>
</condition>

<Node id="123" bw="5" op_0_bw="8" op_1_bw="32" op_2_bw="32">
<![CDATA[
:8  %final_hash_addr = getelementptr [32 x i8]* %final_hash, i32 0, i32 %i_2_cast2

]]></Node>
<StgValue><ssdm name="final_hash_addr"/></StgValue>
</operation>

<operation id="124" st_id="12" stage="1" lat="1">
<core>RAM</core>
<MemPortIdVec>0 </MemPortIdVec>
<condition id="47">
<or_exp><and_exp></and_exp></or_exp>
</condition>

<Node id="124" bw="0" op_0_bw="8" op_1_bw="5">
<![CDATA[
:9  store i8 %tmp_97, i8* %final_hash_addr, align 1

]]></Node>
<StgValue><ssdm name=""/></StgValue>
</operation>

<operation id="125" st_id="12" stage="1" lat="1">
<core>NULL</core>
<MemPortIdVec></MemPortIdVec>
<condition id="47">
<or_exp><and_exp></and_exp></or_exp>
</condition>

<Node id="139" bw="32" op_0_bw="32">
<![CDATA[
:24  %ctx_state_3_load = load i32* @ctx_state_3, align 4

]]></Node>
<StgValue><ssdm name="ctx_state_3_load"/></StgValue>
</operation>

<operation id="126" st_id="12" stage="1" lat="1">
<core>Shift</core>
<MemPortIdVec></MemPortIdVec>
<condition id="47">
<or_exp><and_exp></and_exp></or_exp>
</condition>

<Node id="140" bw="32" op_0_bw="32" op_1_bw="32">
<![CDATA[
:25  %tmp_86 = lshr i32 %ctx_state_3_load, %tmp_103_cast

]]></Node>
<StgValue><ssdm name="tmp_86"/></StgValue>
</operation>

<operation id="127" st_id="12" stage="1" lat="1">
<core>NULL</core>
<MemPortIdVec></MemPortIdVec>
<condition id="47">
<or_exp><and_exp></and_exp></or_exp>
</condition>

<Node id="141" bw="8" op_0_bw="32">
<![CDATA[
:26  %tmp_100 = trunc i32 %tmp_86 to i8

]]></Node>
<StgValue><ssdm name="tmp_100"/></StgValue>
</operation>

<operation id="128" st_id="12" stage="1" lat="1">
<core>NULL</core>
<MemPortIdVec></MemPortIdVec>
<condition id="47">
<or_exp><and_exp></and_exp></or_exp>
</condition>

<Node id="142" bw="4" op_0_bw="3">
<![CDATA[
:27  %sum6_cast8 = sext i3 %sum2 to i4

]]></Node>
<StgValue><ssdm name="sum6_cast8"/></StgValue>
</operation>

<operation id="129" st_id="12" stage="1" lat="1">
<core>NULL</core>
<MemPortIdVec></MemPortIdVec>
<condition id="47">
<or_exp><and_exp></and_exp></or_exp>
</condition>

<Node id="143" bw="32" op_0_bw="4">
<![CDATA[
:28  %sum6_cast = zext i4 %sum6_cast8 to i32

]]></Node>
<StgValue><ssdm name="sum6_cast"/></StgValue>
</operation>

<operation id="130" st_id="12" stage="1" lat="1">
<core>NULL</core>
<MemPortIdVec></MemPortIdVec>
<condition id="47">
<or_exp><and_exp></and_exp></or_exp>
</condition>

<Node id="144" bw="5" op_0_bw="8" op_1_bw="32" op_2_bw="32">
<![CDATA[
:29  %final_hash_addr_3 = getelementptr [32 x i8]* %final_hash, i32 0, i32 %sum6_cast

]]></Node>
<StgValue><ssdm name="final_hash_addr_3"/></StgValue>
</operation>

<operation id="131" st_id="12" stage="1" lat="1">
<core>RAM</core>
<MemPortIdVec>1 </MemPortIdVec>
<condition id="47">
<or_exp><and_exp></and_exp></or_exp>
</condition>

<Node id="145" bw="0" op_0_bw="8" op_1_bw="5">
<![CDATA[
:30  store i8 %tmp_100, i8* %final_hash_addr_3, align 1

]]></Node>
<StgValue><ssdm name=""/></StgValue>
</operation>
</state>

<state id="13" st_id="13">

<operation id="132" st_id="13" stage="1" lat="1">
<core>NULL</core>
<MemPortIdVec></MemPortIdVec>
<condition id="48">
<or_exp><and_exp></and_exp></or_exp>
</condition>

<Node id="146" bw="32" op_0_bw="32">
<![CDATA[
:31  %ctx_state_4_load = load i32* @ctx_state_4, align 16

]]></Node>
<StgValue><ssdm name="ctx_state_4_load"/></StgValue>
</operation>

<operation id="133" st_id="13" stage="1" lat="1">
<core>Shift</core>
<MemPortIdVec></MemPortIdVec>
<condition id="48">
<or_exp><and_exp></and_exp></or_exp>
</condition>

<Node id="147" bw="32" op_0_bw="32" op_1_bw="32">
<![CDATA[
:32  %tmp_88 = lshr i32 %ctx_state_4_load, %tmp_103_cast

]]></Node>
<StgValue><ssdm name="tmp_88"/></StgValue>
</operation>

<operation id="134" st_id="13" stage="1" lat="1">
<core>NULL</core>
<MemPortIdVec></MemPortIdVec>
<condition id="48">
<or_exp><and_exp></and_exp></or_exp>
</condition>

<Node id="148" bw="8" op_0_bw="32">
<![CDATA[
:33  %tmp_101 = trunc i32 %tmp_88 to i8

]]></Node>
<StgValue><ssdm name="tmp_101"/></StgValue>
</operation>

<operation id="135" st_id="13" stage="1" lat="1">
<core>NULL</core>
<MemPortIdVec></MemPortIdVec>
<condition id="48">
<or_exp><and_exp></and_exp></or_exp>
</condition>

<Node id="149" bw="5" op_0_bw="5" op_1_bw="2" op_2_bw="3">
<![CDATA[
:34  %sum4 = call i5 @_ssdm_op_BitConcatenate.i5.i2.i3(i2 -2, i3 %i_2)

]]></Node>
<StgValue><ssdm name="sum4"/></StgValue>
</operation>

<operation id="136" st_id="13" stage="1" lat="1">
<core>NULL</core>
<MemPortIdVec></MemPortIdVec>
<condition id="48">
<or_exp><and_exp></and_exp></or_exp>
</condition>

<Node id="150" bw="32" op_0_bw="5">
<![CDATA[
:35  %sum8_cast = zext i5 %sum4 to i32

]]></Node>
<StgValue><ssdm name="sum8_cast"/></StgValue>
</operation>

<operation id="137" st_id="13" stage="1" lat="1">
<core>NULL</core>
<MemPortIdVec></MemPortIdVec>
<condition id="48">
<or_exp><and_exp></and_exp></or_exp>
</condition>

<Node id="151" bw="5" op_0_bw="8" op_1_bw="32" op_2_bw="32">
<![CDATA[
:36  %final_hash_addr_4 = getelementptr [32 x i8]* %final_hash, i32 0, i32 %sum8_cast

]]></Node>
<StgValue><ssdm name="final_hash_addr_4"/></StgValue>
</operation>

<operation id="138" st_id="13" stage="1" lat="1">
<core>RAM</core>
<MemPortIdVec>0 </MemPortIdVec>
<condition id="48">
<or_exp><and_exp></and_exp></or_exp>
</condition>

<Node id="152" bw="0" op_0_bw="8" op_1_bw="5">
<![CDATA[
:37  store i8 %tmp_101, i8* %final_hash_addr_4, align 1

]]></Node>
<StgValue><ssdm name=""/></StgValue>
</operation>

<operation id="139" st_id="13" stage="1" lat="1">
<core>NULL</core>
<MemPortIdVec></MemPortIdVec>
<condition id="48">
<or_exp><and_exp></and_exp></or_exp>
</condition>

<Node id="153" bw="32" op_0_bw="32">
<![CDATA[
:38  %ctx_state_5_load = load i32* @ctx_state_5, align 4

]]></Node>
<StgValue><ssdm name="ctx_state_5_load"/></StgValue>
</operation>

<operation id="140" st_id="13" stage="1" lat="1">
<core>Shift</core>
<MemPortIdVec></MemPortIdVec>
<condition id="48">
<or_exp><and_exp></and_exp></or_exp>
</condition>

<Node id="154" bw="32" op_0_bw="32" op_1_bw="32">
<![CDATA[
:39  %tmp_90 = lshr i32 %ctx_state_5_load, %tmp_103_cast

]]></Node>
<StgValue><ssdm name="tmp_90"/></StgValue>
</operation>

<operation id="141" st_id="13" stage="1" lat="1">
<core>NULL</core>
<MemPortIdVec></MemPortIdVec>
<condition id="48">
<or_exp><and_exp></and_exp></or_exp>
</condition>

<Node id="155" bw="8" op_0_bw="32">
<![CDATA[
:40  %tmp_102 = trunc i32 %tmp_90 to i8

]]></Node>
<StgValue><ssdm name="tmp_102"/></StgValue>
</operation>

<operation id="142" st_id="13" stage="1" lat="1">
<core>AddSub</core>
<MemPortIdVec></MemPortIdVec>
<condition id="48">
<or_exp><and_exp></and_exp></or_exp>
</condition>

<Node id="156" bw="5" op_0_bw="5" op_1_bw="5">
<![CDATA[
:41  %sum = add i5 -12, %i_2_cast1

]]></Node>
<StgValue><ssdm name="sum"/></StgValue>
</operation>

<operation id="143" st_id="13" stage="1" lat="1">
<core>NULL</core>
<MemPortIdVec></MemPortIdVec>
<condition id="48">
<or_exp><and_exp></and_exp></or_exp>
</condition>

<Node id="157" bw="32" op_0_bw="5">
<![CDATA[
:42  %sum_cast = zext i5 %sum to i32

]]></Node>
<StgValue><ssdm name="sum_cast"/></StgValue>
</operation>

<operation id="144" st_id="13" stage="1" lat="1">
<core>NULL</core>
<MemPortIdVec></MemPortIdVec>
<condition id="48">
<or_exp><and_exp></and_exp></or_exp>
</condition>

<Node id="158" bw="5" op_0_bw="8" op_1_bw="32" op_2_bw="32">
<![CDATA[
:43  %final_hash_addr_5 = getelementptr [32 x i8]* %final_hash, i32 0, i32 %sum_cast

]]></Node>
<StgValue><ssdm name="final_hash_addr_5"/></StgValue>
</operation>

<operation id="145" st_id="13" stage="1" lat="1">
<core>RAM</core>
<MemPortIdVec>1 </MemPortIdVec>
<condition id="48">
<or_exp><and_exp></and_exp></or_exp>
</condition>

<Node id="159" bw="0" op_0_bw="8" op_1_bw="5">
<![CDATA[
:44  store i8 %tmp_102, i8* %final_hash_addr_5, align 1

]]></Node>
<StgValue><ssdm name=""/></StgValue>
</operation>

<operation id="146" st_id="13" stage="1" lat="1">
<core>NULL</core>
<MemPortIdVec></MemPortIdVec>
<condition id="48">
<or_exp><and_exp></and_exp></or_exp>
</condition>

<Node id="160" bw="32" op_0_bw="32">
<![CDATA[
:45  %ctx_state_6_load = load i32* @ctx_state_6, align 8

]]></Node>
<StgValue><ssdm name="ctx_state_6_load"/></StgValue>
</operation>

<operation id="147" st_id="13" stage="1" lat="1">
<core>Shift</core>
<MemPortIdVec></MemPortIdVec>
<condition id="48">
<or_exp><and_exp></and_exp></or_exp>
</condition>

<Node id="161" bw="32" op_0_bw="32" op_1_bw="32">
<![CDATA[
:46  %tmp_92 = lshr i32 %ctx_state_6_load, %tmp_103_cast

]]></Node>
<StgValue><ssdm name="tmp_92"/></StgValue>
</operation>

<operation id="148" st_id="13" stage="1" lat="1">
<core>NULL</core>
<MemPortIdVec></MemPortIdVec>
<condition id="48">
<or_exp><and_exp></and_exp></or_exp>
</condition>

<Node id="162" bw="8" op_0_bw="32">
<![CDATA[
:47  %tmp_103 = trunc i32 %tmp_92 to i8

]]></Node>
<StgValue><ssdm name="tmp_103"/></StgValue>
</operation>

<operation id="149" st_id="13" stage="1" lat="1">
<core>NULL</core>
<MemPortIdVec></MemPortIdVec>
<condition id="48">
<or_exp><and_exp></and_exp></or_exp>
</condition>

<Node id="167" bw="32" op_0_bw="32">
<![CDATA[
:52  %ctx_state_7_load = load i32* @ctx_state_7, align 4

]]></Node>
<StgValue><ssdm name="ctx_state_7_load"/></StgValue>
</operation>

<operation id="150" st_id="13" stage="1" lat="1">
<core>Shift</core>
<MemPortIdVec></MemPortIdVec>
<condition id="48">
<or_exp><and_exp></and_exp></or_exp>
</condition>

<Node id="168" bw="32" op_0_bw="32" op_1_bw="32">
<![CDATA[
:53  %tmp_94 = lshr i32 %ctx_state_7_load, %tmp_103_cast

]]></Node>
<StgValue><ssdm name="tmp_94"/></StgValue>
</operation>

<operation id="151" st_id="13" stage="1" lat="1">
<core>NULL</core>
<MemPortIdVec></MemPortIdVec>
<condition id="48">
<or_exp><and_exp></and_exp></or_exp>
</condition>

<Node id="169" bw="8" op_0_bw="32">
<![CDATA[
:54  %tmp_104 = trunc i32 %tmp_94 to i8

]]></Node>
<StgValue><ssdm name="tmp_104"/></StgValue>
</operation>
</state>

<state id="14" st_id="14">

<operation id="152" st_id="14" stage="1" lat="1">
<core>NULL</core>
<MemPortIdVec></MemPortIdVec>
<condition id="49">
<or_exp><and_exp></and_exp></or_exp>
</condition>

<Node id="115" bw="0" op_0_bw="0" op_1_bw="0">
<![CDATA[
:0  call void (...)* @_ssdm_op_SpecLoopName([24 x i8]* @p_str2) nounwind

]]></Node>
<StgValue><ssdm name=""/></StgValue>
</operation>

<operation id="153" st_id="14" stage="1" lat="1">
<core>NULL</core>
<MemPortIdVec></MemPortIdVec>
<condition id="49">
<or_exp><and_exp></and_exp></or_exp>
</condition>

<Node id="163" bw="5" op_0_bw="4">
<![CDATA[
:48  %sum1_cast7 = sext i4 %sum1 to i5

]]></Node>
<StgValue><ssdm name="sum1_cast7"/></StgValue>
</operation>

<operation id="154" st_id="14" stage="1" lat="1">
<core>NULL</core>
<MemPortIdVec></MemPortIdVec>
<condition id="49">
<or_exp><and_exp></and_exp></or_exp>
</condition>

<Node id="164" bw="32" op_0_bw="5">
<![CDATA[
:49  %sum1_cast = zext i5 %sum1_cast7 to i32

]]></Node>
<StgValue><ssdm name="sum1_cast"/></StgValue>
</operation>

<operation id="155" st_id="14" stage="1" lat="1">
<core>NULL</core>
<MemPortIdVec></MemPortIdVec>
<condition id="49">
<or_exp><and_exp></and_exp></or_exp>
</condition>

<Node id="165" bw="5" op_0_bw="8" op_1_bw="32" op_2_bw="32">
<![CDATA[
:50  %final_hash_addr_6 = getelementptr [32 x i8]* %final_hash, i32 0, i32 %sum1_cast

]]></Node>
<StgValue><ssdm name="final_hash_addr_6"/></StgValue>
</operation>

<operation id="156" st_id="14" stage="1" lat="1">
<core>RAM</core>
<MemPortIdVec>0 </MemPortIdVec>
<condition id="49">
<or_exp><and_exp></and_exp></or_exp>
</condition>

<Node id="166" bw="0" op_0_bw="8" op_1_bw="5">
<![CDATA[
:51  store i8 %tmp_103, i8* %final_hash_addr_6, align 1

]]></Node>
<StgValue><ssdm name=""/></StgValue>
</operation>

<operation id="157" st_id="14" stage="1" lat="1">
<core>NULL</core>
<MemPortIdVec></MemPortIdVec>
<condition id="49">
<or_exp><and_exp></and_exp></or_exp>
</condition>

<Node id="170" bw="5" op_0_bw="3">
<![CDATA[
:55  %sum3_cast6 = sext i3 %sum2 to i5

]]></Node>
<StgValue><ssdm name="sum3_cast6"/></StgValue>
</operation>

<operation id="158" st_id="14" stage="1" lat="1">
<core>NULL</core>
<MemPortIdVec></MemPortIdVec>
<condition id="49">
<or_exp><and_exp></and_exp></or_exp>
</condition>

<Node id="171" bw="32" op_0_bw="5">
<![CDATA[
:56  %sum3_cast = zext i5 %sum3_cast6 to i32

]]></Node>
<StgValue><ssdm name="sum3_cast"/></StgValue>
</operation>

<operation id="159" st_id="14" stage="1" lat="1">
<core>NULL</core>
<MemPortIdVec></MemPortIdVec>
<condition id="49">
<or_exp><and_exp></and_exp></or_exp>
</condition>

<Node id="172" bw="5" op_0_bw="8" op_1_bw="32" op_2_bw="32">
<![CDATA[
:57  %final_hash_addr_7 = getelementptr [32 x i8]* %final_hash, i32 0, i32 %sum3_cast

]]></Node>
<StgValue><ssdm name="final_hash_addr_7"/></StgValue>
</operation>

<operation id="160" st_id="14" stage="1" lat="1">
<core>RAM</core>
<MemPortIdVec>1 </MemPortIdVec>
<condition id="49">
<or_exp><and_exp></and_exp></or_exp>
</condition>

<Node id="173" bw="0" op_0_bw="8" op_1_bw="5">
<![CDATA[
:58  store i8 %tmp_104, i8* %final_hash_addr_7, align 1

]]></Node>
<StgValue><ssdm name=""/></StgValue>
</operation>

<operation id="161" st_id="14" stage="1" lat="1">
<core>NULL</core>
<MemPortIdVec></MemPortIdVec>
<condition id="49">
<or_exp><and_exp></and_exp></or_exp>
</condition>

<Node id="174" bw="0" op_0_bw="0">
<![CDATA[
:59  br label %7

]]></Node>
<StgValue><ssdm name=""/></StgValue>
</operation>
</state>
</state_list>


<ports>
<port id="184" name="final_hash" dir="1" iftype="1">
<core>RAM</core><StgValue><ssdm name="final_hash"/><MemPortTyVec>0 0 </MemPortTyVec>
</StgValue>
</port>
<port id="185" name="ctx_datalen" dir="0" iftype="0">
<core>NULL</core><StgValue><ssdm name="ctx_datalen"/></StgValue>
</port>
<port id="186" name="ctx_in_data" dir="2" iftype="1">
<core>RAM</core><StgValue><ssdm name="ctx_in_data"/><MemPortTyVec>2 2 </MemPortTyVec>
</StgValue>
</port>
<port id="187" name="ctx_state_0" dir="2" iftype="0">
<core>NULL</core><StgValue><ssdm name="ctx_state_0"/></StgValue>
</port>
<port id="188" name="ctx_state_1" dir="2" iftype="0">
<core>NULL</core><StgValue><ssdm name="ctx_state_1"/></StgValue>
</port>
<port id="189" name="ctx_state_2" dir="2" iftype="0">
<core>NULL</core><StgValue><ssdm name="ctx_state_2"/></StgValue>
</port>
<port id="190" name="ctx_state_3" dir="2" iftype="0">
<core>NULL</core><StgValue><ssdm name="ctx_state_3"/></StgValue>
</port>
<port id="191" name="ctx_state_4" dir="2" iftype="0">
<core>NULL</core><StgValue><ssdm name="ctx_state_4"/></StgValue>
</port>
<port id="192" name="ctx_state_5" dir="2" iftype="0">
<core>NULL</core><StgValue><ssdm name="ctx_state_5"/></StgValue>
</port>
<port id="193" name="ctx_state_6" dir="2" iftype="0">
<core>NULL</core><StgValue><ssdm name="ctx_state_6"/></StgValue>
</port>
<port id="194" name="ctx_state_7" dir="2" iftype="0">
<core>NULL</core><StgValue><ssdm name="ctx_state_7"/></StgValue>
</port>
<port id="195" name="k" dir="0" iftype="1">
<core>ROM_nP</core><StgValue><ssdm name="k"/><MemPortTyVec>1 </MemPortTyVec>
</StgValue>
</port>
<port id="196" name="ctx_bitlen_0" dir="2" iftype="0">
<core>NULL</core><StgValue><ssdm name="ctx_bitlen_0"/></StgValue>
</port>
<port id="197" name="ctx_bitlen_1" dir="2" iftype="0">
<core>NULL</core><StgValue><ssdm name="ctx_bitlen_1"/></StgValue>
</port>
</ports>


<dataflows>
<dataflow id="198" from="ctx_datalen" to="i" fromId="185" toId="15">
</dataflow>
<dataflow id="199" from="i" to="tmp" fromId="15" toId="16">
</dataflow>
<dataflow id="201" from="StgValue_200" to="tmp" fromId="200" toId="16">
</dataflow>
<dataflow id="202" from="ctx_in_data" to="ctx_in_data_addr" fromId="186" toId="17">
</dataflow>
<dataflow id="204" from="StgValue_203" to="ctx_in_data_addr" fromId="203" toId="17">
</dataflow>
<dataflow id="205" from="i" to="ctx_in_data_addr" fromId="15" toId="17">
</dataflow>
<dataflow id="207" from="StgValue_206" to="StgValue_18" fromId="206" toId="18">
</dataflow>
<dataflow id="208" from="ctx_in_data_addr" to="StgValue_18" fromId="17" toId="18">
</dataflow>
<dataflow id="209" from="tmp" to="StgValue_19" fromId="16" toId="19">
</dataflow>
<dataflow id="210" from="i_1" to="i_1_in" fromId="23" toId="22">
<BackEdge/>
<condition id="93">
<or_exp><and_exp><literal name="icmp" val="1"/>
</and_exp></or_exp>
</condition>
</dataflow>
<dataflow id="211" from="StgValue_29" to="i_1_in" fromId="29" toId="22">
<BackEdge/>
</dataflow>
<dataflow id="212" from="i" to="i_1_in" fromId="15" toId="22">
<condition id="94">
<or_exp><and_exp><literal name="tmp" val="0"/>
</and_exp></or_exp>
</condition>
</dataflow>
<dataflow id="213" from="StgValue_20" to="i_1_in" fromId="20" toId="22">
</dataflow>
<dataflow id="214" from="i_1_in" to="i_1" fromId="22" toId="23">
</dataflow>
<dataflow id="216" from="StgValue_215" to="i_1" fromId="215" toId="23">
</dataflow>
<dataflow id="218" from="_ssdm_op_PartSelect.i26.i32.i32.i32" to="tmp_75" fromId="217" toId="24">
</dataflow>
<dataflow id="219" from="i_1" to="tmp_75" fromId="23" toId="24">
</dataflow>
<dataflow id="221" from="StgValue_220" to="tmp_75" fromId="220" toId="24">
</dataflow>
<dataflow id="223" from="StgValue_222" to="tmp_75" fromId="222" toId="24">
</dataflow>
<dataflow id="224" from="tmp_75" to="icmp" fromId="24" toId="25">
</dataflow>
<dataflow id="226" from="StgValue_225" to="icmp" fromId="225" toId="25">
</dataflow>
<dataflow id="227" from="icmp" to="StgValue_26" fromId="25" toId="26">
</dataflow>
<dataflow id="228" from="ctx_in_data" to="ctx_in_data_addr_2" fromId="186" toId="27">
</dataflow>
<dataflow id="229" from="StgValue_203" to="ctx_in_data_addr_2" fromId="203" toId="27">
</dataflow>
<dataflow id="230" from="i_1" to="ctx_in_data_addr_2" fromId="23" toId="27">
</dataflow>
<dataflow id="232" from="StgValue_231" to="StgValue_28" fromId="231" toId="28">
</dataflow>
<dataflow id="233" from="ctx_in_data_addr_2" to="StgValue_28" fromId="27" toId="28">
</dataflow>
<dataflow id="235" from="sha256_transform" to="StgValue_30" fromId="234" toId="30">
</dataflow>
<dataflow id="236" from="ctx_in_data" to="StgValue_30" fromId="186" toId="30">
</dataflow>
<dataflow id="237" from="ctx_state_0" to="StgValue_30" fromId="187" toId="30">
</dataflow>
<dataflow id="238" from="ctx_state_1" to="StgValue_30" fromId="188" toId="30">
</dataflow>
<dataflow id="239" from="ctx_state_2" to="StgValue_30" fromId="189" toId="30">
</dataflow>
<dataflow id="240" from="ctx_state_3" to="StgValue_30" fromId="190" toId="30">
</dataflow>
<dataflow id="241" from="ctx_state_4" to="StgValue_30" fromId="191" toId="30">
</dataflow>
<dataflow id="242" from="ctx_state_5" to="StgValue_30" fromId="192" toId="30">
</dataflow>
<dataflow id="243" from="ctx_state_6" to="StgValue_30" fromId="193" toId="30">
</dataflow>
<dataflow id="244" from="ctx_state_7" to="StgValue_30" fromId="194" toId="30">
</dataflow>
<dataflow id="245" from="k" to="StgValue_30" fromId="195" toId="30">
</dataflow>
<dataflow id="246" from="sha256_transform" to="StgValue_31" fromId="234" toId="31">
</dataflow>
<dataflow id="247" from="ctx_in_data" to="StgValue_31" fromId="186" toId="31">
</dataflow>
<dataflow id="248" from="ctx_state_0" to="StgValue_31" fromId="187" toId="31">
</dataflow>
<dataflow id="249" from="ctx_state_1" to="StgValue_31" fromId="188" toId="31">
</dataflow>
<dataflow id="250" from="ctx_state_2" to="StgValue_31" fromId="189" toId="31">
</dataflow>
<dataflow id="251" from="ctx_state_3" to="StgValue_31" fromId="190" toId="31">
</dataflow>
<dataflow id="252" from="ctx_state_4" to="StgValue_31" fromId="191" toId="31">
</dataflow>
<dataflow id="253" from="ctx_state_5" to="StgValue_31" fromId="192" toId="31">
</dataflow>
<dataflow id="254" from="ctx_state_6" to="StgValue_31" fromId="193" toId="31">
</dataflow>
<dataflow id="255" from="ctx_state_7" to="StgValue_31" fromId="194" toId="31">
</dataflow>
<dataflow id="256" from="k" to="StgValue_31" fromId="195" toId="31">
</dataflow>
<dataflow id="258" from="StgValue_257" to="j" fromId="257" toId="33">
<condition id="95">
<or_exp><and_exp></and_exp></or_exp>
</condition>
</dataflow>
<dataflow id="259" from="StgValue_32" to="j" fromId="32" toId="33">
</dataflow>
<dataflow id="260" from="j_2" to="j" fromId="37" toId="33">
<BackEdge/>
<condition id="96">
<or_exp><and_exp><literal name="tmp" val="0"/>
<literal name="tmp_s" val="0"/>
</and_exp></or_exp>
</condition>
</dataflow>
<dataflow id="261" from="StgValue_42" to="j" fromId="42" toId="33">
<BackEdge/>
</dataflow>
<dataflow id="262" from="j" to="j_cast5" fromId="33" toId="34">
</dataflow>
<dataflow id="263" from="j" to="tmp_s" fromId="33" toId="35">
</dataflow>
<dataflow id="265" from="StgValue_264" to="tmp_s" fromId="264" toId="35">
</dataflow>
<dataflow id="267" from="_ssdm_op_SpecLoopTripCount" to="empty" fromId="266" toId="36">
</dataflow>
<dataflow id="269" from="StgValue_268" to="empty" fromId="268" toId="36">
</dataflow>
<dataflow id="270" from="StgValue_268" to="empty" fromId="268" toId="36">
</dataflow>
<dataflow id="271" from="StgValue_268" to="empty" fromId="268" toId="36">
</dataflow>
<dataflow id="272" from="j" to="j_2" fromId="33" toId="37">
</dataflow>
<dataflow id="274" from="StgValue_273" to="j_2" fromId="273" toId="37">
</dataflow>
<dataflow id="275" from="tmp_s" to="StgValue_38" fromId="35" toId="38">
</dataflow>
<dataflow id="277" from="_ssdm_op_SpecLoopName" to="StgValue_39" fromId="276" toId="39">
</dataflow>
<dataflow id="279" from="p_str1" to="StgValue_39" fromId="278" toId="39">
</dataflow>
<dataflow id="280" from="ctx_in_data" to="ctx_in_data_addr_3" fromId="186" toId="40">
</dataflow>
<dataflow id="281" from="StgValue_203" to="ctx_in_data_addr_3" fromId="203" toId="40">
</dataflow>
<dataflow id="282" from="j_cast5" to="ctx_in_data_addr_3" fromId="34" toId="40">
</dataflow>
<dataflow id="283" from="StgValue_231" to="StgValue_41" fromId="231" toId="41">
</dataflow>
<dataflow id="284" from="ctx_in_data_addr_3" to="StgValue_41" fromId="40" toId="41">
</dataflow>
<dataflow id="285" from="ctx_bitlen_0" to="ctx_bitlen_0_load" fromId="196" toId="44">
</dataflow>
<dataflow id="286" from="i" to="tmp_83" fromId="15" toId="45">
</dataflow>
<dataflow id="287" from="i" to="tmp_85" fromId="15" toId="46">
</dataflow>
<dataflow id="289" from="_ssdm_op_BitConcatenate.i9.i6.i3" to="tmp_65" fromId="288" toId="47">
</dataflow>
<dataflow id="290" from="tmp_83" to="tmp_65" fromId="45" toId="47">
</dataflow>
<dataflow id="292" from="StgValue_291" to="tmp_65" fromId="291" toId="47">
</dataflow>
<dataflow id="293" from="tmp_65" to="tmp_82_cast" fromId="47" toId="48">
</dataflow>
<dataflow id="294" from="tmp_82_cast" to="tmp_66" fromId="48" toId="49">
</dataflow>
<dataflow id="296" from="StgValue_295" to="tmp_66" fromId="295" toId="49">
</dataflow>
<dataflow id="297" from="ctx_bitlen_0_load" to="tmp_67" fromId="44" toId="50">
</dataflow>
<dataflow id="298" from="tmp_66" to="tmp_67" fromId="49" toId="50">
</dataflow>
<dataflow id="299" from="ctx_bitlen_1" to="ctx_bitlen_1_load" fromId="197" toId="51">
</dataflow>
<dataflow id="300" from="tmp_67" to="StgValue_52" fromId="50" toId="52">
</dataflow>
<dataflow id="301" from="ctx_bitlen_1_load" to="tmp_68" fromId="51" toId="53">
</dataflow>
<dataflow id="302" from="StgValue_215" to="tmp_68" fromId="215" toId="53">
</dataflow>
<dataflow id="303" from="tmp_68" to="StgValue_54" fromId="53" toId="54">
</dataflow>
<dataflow id="304" from="ctx_bitlen_1" to="StgValue_54" fromId="197" toId="54">
</dataflow>
<dataflow id="306" from="_ssdm_op_BitConcatenate.i8.i5.i3" to="tmp_12" fromId="305" toId="56">
</dataflow>
<dataflow id="307" from="tmp_85" to="tmp_12" fromId="46" toId="56">
</dataflow>
<dataflow id="308" from="StgValue_291" to="tmp_12" fromId="291" toId="56">
</dataflow>
<dataflow id="309" from="ctx_bitlen_0_load" to="tmp_87" fromId="44" toId="57">
</dataflow>
<dataflow id="310" from="ctx_bitlen_0_load" to="tmp_89" fromId="44" toId="58">
</dataflow>
<dataflow id="311" from="tmp_65" to="tmp_15" fromId="47" toId="59">
</dataflow>
<dataflow id="312" from="ctx_bitlen_0_load" to="tmp_91" fromId="44" toId="60">
</dataflow>
<dataflow id="313" from="tmp_65" to="tmp_17" fromId="47" toId="61">
</dataflow>
<dataflow id="314" from="tmp_82_cast" to="tmp_69" fromId="48" toId="62">
</dataflow>
<dataflow id="315" from="ctx_bitlen_0_load" to="tmp_69" fromId="44" toId="62">
</dataflow>
<dataflow id="316" from="tmp_91" to="tmp_86_cast3" fromId="60" toId="63">
</dataflow>
<dataflow id="317" from="tmp_17" to="tmp_86_cast3" fromId="61" toId="63">
</dataflow>
<dataflow id="318" from="tmp_89" to="tmp_86_cast" fromId="58" toId="64">
</dataflow>
<dataflow id="319" from="tmp_15" to="tmp_86_cast" fromId="59" toId="64">
</dataflow>
<dataflow id="320" from="tmp_69" to="StgValue_65" fromId="62" toId="65">
</dataflow>
<dataflow id="321" from="ctx_bitlen_0" to="StgValue_65" fromId="196" toId="65">
</dataflow>
<dataflow id="322" from="tmp_87" to="tmp_70" fromId="57" toId="66">
</dataflow>
<dataflow id="323" from="tmp_12" to="tmp_70" fromId="56" toId="66">
</dataflow>
<dataflow id="324" from="tmp_70" to="StgValue_67" fromId="66" toId="67">
</dataflow>
<dataflow id="326" from="StgValue_325" to="StgValue_67" fromId="325" toId="67">
</dataflow>
<dataflow id="328" from="_ssdm_op_PartSelect.i8.i16.i32.i32" to="tmp_71" fromId="327" toId="68">
</dataflow>
<dataflow id="329" from="tmp_86_cast" to="tmp_71" fromId="64" toId="68">
</dataflow>
<dataflow id="331" from="StgValue_330" to="tmp_71" fromId="330" toId="68">
</dataflow>
<dataflow id="333" from="StgValue_332" to="tmp_71" fromId="332" toId="68">
</dataflow>
<dataflow id="334" from="tmp_71" to="StgValue_69" fromId="68" toId="69">
</dataflow>
<dataflow id="336" from="StgValue_335" to="StgValue_69" fromId="335" toId="69">
</dataflow>
<dataflow id="338" from="_ssdm_op_PartSelect.i8.i24.i32.i32" to="tmp_72" fromId="337" toId="70">
</dataflow>
<dataflow id="339" from="tmp_86_cast3" to="tmp_72" fromId="63" toId="70">
</dataflow>
<dataflow id="341" from="StgValue_340" to="tmp_72" fromId="340" toId="70">
</dataflow>
<dataflow id="343" from="StgValue_342" to="tmp_72" fromId="342" toId="70">
</dataflow>
<dataflow id="345" from="_ssdm_op_PartSelect.i8.i32.i32.i32" to="tmp_73" fromId="344" toId="71">
</dataflow>
<dataflow id="346" from="tmp_69" to="tmp_73" fromId="62" toId="71">
</dataflow>
<dataflow id="348" from="StgValue_347" to="tmp_73" fromId="347" toId="71">
</dataflow>
<dataflow id="349" from="StgValue_222" to="tmp_73" fromId="222" toId="71">
</dataflow>
<dataflow id="350" from="i_5" to="i_0_in" fromId="73" toId="72">
<BackEdge/>
<condition id="97">
<or_exp><and_exp><literal name="exitcond" val="0"/>
</and_exp></or_exp>
</condition>
</dataflow>
<dataflow id="351" from="StgValue_78" to="i_0_in" fromId="78" toId="72">
<BackEdge/>
</dataflow>
<dataflow id="352" from="i" to="i_0_in" fromId="15" toId="72">
<condition id="98">
<or_exp><and_exp><literal name="tmp" val="1"/>
</and_exp></or_exp>
</condition>
</dataflow>
<dataflow id="353" from="StgValue_21" to="i_0_in" fromId="21" toId="72">
</dataflow>
<dataflow id="354" from="i_0_in" to="i_5" fromId="72" toId="73">
</dataflow>
<dataflow id="355" from="StgValue_215" to="i_5" fromId="215" toId="73">
</dataflow>
<dataflow id="356" from="i_0_in" to="exitcond" fromId="72" toId="74">
</dataflow>
<dataflow id="358" from="StgValue_357" to="exitcond" fromId="357" toId="74">
</dataflow>
<dataflow id="359" from="exitcond" to="StgValue_75" fromId="74" toId="75">
</dataflow>
<dataflow id="360" from="ctx_in_data" to="ctx_in_data_addr_1" fromId="186" toId="76">
</dataflow>
<dataflow id="361" from="StgValue_203" to="ctx_in_data_addr_1" fromId="203" toId="76">
</dataflow>
<dataflow id="362" from="i_5" to="ctx_in_data_addr_1" fromId="73" toId="76">
</dataflow>
<dataflow id="363" from="StgValue_231" to="StgValue_77" fromId="231" toId="77">
</dataflow>
<dataflow id="364" from="ctx_in_data_addr_1" to="StgValue_77" fromId="76" toId="77">
</dataflow>
<dataflow id="365" from="tmp_68" to="ctx_bitlen_1_loc" fromId="53" toId="80">
<condition id="99">
<or_exp><and_exp><literal name="tmp" val="1"/>
<literal name="tmp_67" val="1"/>
</and_exp><and_exp><literal name="tmp_s" val="1"/>
<literal name="tmp_67" val="1"/>
</and_exp></or_exp>
</condition>
</dataflow>
<dataflow id="366" from="StgValue_55" to="ctx_bitlen_1_loc" fromId="55" toId="80">
</dataflow>
<dataflow id="367" from="ctx_bitlen_1_load" to="ctx_bitlen_1_loc" fromId="51" toId="80">
<condition id="100">
<or_exp><and_exp><literal name="tmp_67" val="0"/>
<literal name="tmp" val="1"/>
</and_exp><and_exp><literal name="tmp_67" val="0"/>
<literal name="tmp_s" val="1"/>
</and_exp></or_exp>
</condition>
</dataflow>
<dataflow id="368" from="StgValue_52" to="ctx_bitlen_1_loc" fromId="52" toId="80">
</dataflow>
<dataflow id="369" from="tmp_72" to="StgValue_81" fromId="70" toId="81">
</dataflow>
<dataflow id="371" from="StgValue_370" to="StgValue_81" fromId="370" toId="81">
</dataflow>
<dataflow id="372" from="tmp_73" to="StgValue_82" fromId="71" toId="82">
</dataflow>
<dataflow id="374" from="StgValue_373" to="StgValue_82" fromId="373" toId="82">
</dataflow>
<dataflow id="375" from="ctx_bitlen_1_loc" to="tmp_93" fromId="80" toId="83">
</dataflow>
<dataflow id="376" from="_ssdm_op_PartSelect.i8.i32.i32.i32" to="tmp_74" fromId="344" toId="84">
</dataflow>
<dataflow id="377" from="ctx_bitlen_1_loc" to="tmp_74" fromId="80" toId="84">
</dataflow>
<dataflow id="378" from="StgValue_330" to="tmp_74" fromId="330" toId="84">
</dataflow>
<dataflow id="379" from="StgValue_332" to="tmp_74" fromId="332" toId="84">
</dataflow>
<dataflow id="380" from="_ssdm_op_PartSelect.i8.i32.i32.i32" to="tmp_76" fromId="344" toId="85">
</dataflow>
<dataflow id="381" from="ctx_bitlen_1_loc" to="tmp_76" fromId="80" toId="85">
</dataflow>
<dataflow id="382" from="StgValue_340" to="tmp_76" fromId="340" toId="85">
</dataflow>
<dataflow id="383" from="StgValue_342" to="tmp_76" fromId="342" toId="85">
</dataflow>
<dataflow id="384" from="_ssdm_op_PartSelect.i8.i32.i32.i32" to="tmp_77" fromId="344" toId="86">
</dataflow>
<dataflow id="385" from="ctx_bitlen_1_loc" to="tmp_77" fromId="80" toId="86">
</dataflow>
<dataflow id="386" from="StgValue_347" to="tmp_77" fromId="347" toId="86">
</dataflow>
<dataflow id="387" from="StgValue_222" to="tmp_77" fromId="222" toId="86">
</dataflow>
<dataflow id="388" from="tmp_93" to="StgValue_87" fromId="83" toId="87">
</dataflow>
<dataflow id="390" from="StgValue_389" to="StgValue_87" fromId="389" toId="87">
</dataflow>
<dataflow id="391" from="tmp_74" to="StgValue_88" fromId="84" toId="88">
</dataflow>
<dataflow id="393" from="StgValue_392" to="StgValue_88" fromId="392" toId="88">
</dataflow>
<dataflow id="394" from="tmp_76" to="StgValue_89" fromId="85" toId="89">
</dataflow>
<dataflow id="396" from="StgValue_395" to="StgValue_89" fromId="395" toId="89">
</dataflow>
<dataflow id="397" from="tmp_77" to="StgValue_90" fromId="86" toId="90">
</dataflow>
<dataflow id="399" from="StgValue_398" to="StgValue_90" fromId="398" toId="90">
</dataflow>
<dataflow id="400" from="sha256_transform" to="StgValue_91" fromId="234" toId="91">
</dataflow>
<dataflow id="401" from="ctx_in_data" to="StgValue_91" fromId="186" toId="91">
</dataflow>
<dataflow id="402" from="ctx_state_0" to="StgValue_91" fromId="187" toId="91">
</dataflow>
<dataflow id="403" from="ctx_state_1" to="StgValue_91" fromId="188" toId="91">
</dataflow>
<dataflow id="404" from="ctx_state_2" to="StgValue_91" fromId="189" toId="91">
</dataflow>
<dataflow id="405" from="ctx_state_3" to="StgValue_91" fromId="190" toId="91">
</dataflow>
<dataflow id="406" from="ctx_state_4" to="StgValue_91" fromId="191" toId="91">
</dataflow>
<dataflow id="407" from="ctx_state_5" to="StgValue_91" fromId="192" toId="91">
</dataflow>
<dataflow id="408" from="ctx_state_6" to="StgValue_91" fromId="193" toId="91">
</dataflow>
<dataflow id="409" from="ctx_state_7" to="StgValue_91" fromId="194" toId="91">
</dataflow>
<dataflow id="410" from="k" to="StgValue_91" fromId="195" toId="91">
</dataflow>
<dataflow id="411" from="sha256_transform" to="StgValue_92" fromId="234" toId="92">
</dataflow>
<dataflow id="412" from="ctx_in_data" to="StgValue_92" fromId="186" toId="92">
</dataflow>
<dataflow id="413" from="ctx_state_0" to="StgValue_92" fromId="187" toId="92">
</dataflow>
<dataflow id="414" from="ctx_state_1" to="StgValue_92" fromId="188" toId="92">
</dataflow>
<dataflow id="415" from="ctx_state_2" to="StgValue_92" fromId="189" toId="92">
</dataflow>
<dataflow id="416" from="ctx_state_3" to="StgValue_92" fromId="190" toId="92">
</dataflow>
<dataflow id="417" from="ctx_state_4" to="StgValue_92" fromId="191" toId="92">
</dataflow>
<dataflow id="418" from="ctx_state_5" to="StgValue_92" fromId="192" toId="92">
</dataflow>
<dataflow id="419" from="ctx_state_6" to="StgValue_92" fromId="193" toId="92">
</dataflow>
<dataflow id="420" from="ctx_state_7" to="StgValue_92" fromId="194" toId="92">
</dataflow>
<dataflow id="421" from="k" to="StgValue_92" fromId="195" toId="92">
</dataflow>
<dataflow id="422" from="StgValue_291" to="i_2" fromId="291" toId="94">
<condition id="101">
<or_exp><and_exp></and_exp></or_exp>
</condition>
</dataflow>
<dataflow id="423" from="StgValue_93" to="i_2" fromId="93" toId="94">
</dataflow>
<dataflow id="424" from="i_6" to="i_2" fromId="99" toId="94">
<BackEdge/>
<condition id="102">
<or_exp><and_exp></and_exp></or_exp>
</condition>
</dataflow>
<dataflow id="425" from="StgValue_161" to="i_2" fromId="161" toId="94">
<BackEdge/>
</dataflow>
<dataflow id="426" from="i_2" to="i_2_cast2" fromId="94" toId="95">
</dataflow>
<dataflow id="427" from="i_2" to="i_2_cast1" fromId="94" toId="96">
</dataflow>
<dataflow id="428" from="i_2" to="tmp_78" fromId="94" toId="97">
</dataflow>
<dataflow id="430" from="StgValue_429" to="tmp_78" fromId="429" toId="97">
</dataflow>
<dataflow id="431" from="_ssdm_op_SpecLoopTripCount" to="empty_11" fromId="266" toId="98">
</dataflow>
<dataflow id="433" from="StgValue_432" to="empty_11" fromId="432" toId="98">
</dataflow>
<dataflow id="434" from="StgValue_432" to="empty_11" fromId="432" toId="98">
</dataflow>
<dataflow id="435" from="StgValue_432" to="empty_11" fromId="432" toId="98">
</dataflow>
<dataflow id="436" from="i_2" to="i_6" fromId="94" toId="99">
</dataflow>
<dataflow id="438" from="StgValue_437" to="i_6" fromId="437" toId="99">
</dataflow>
<dataflow id="439" from="tmp_78" to="StgValue_100" fromId="97" toId="100">
</dataflow>
<dataflow id="440" from="i_2" to="tmp_95" fromId="94" toId="101">
</dataflow>
<dataflow id="442" from="_ssdm_op_BitConcatenate.i5.i2.i3" to="tmp_79" fromId="441" toId="102">
</dataflow>
<dataflow id="443" from="tmp_95" to="tmp_79" fromId="101" toId="102">
</dataflow>
<dataflow id="444" from="StgValue_291" to="tmp_79" fromId="291" toId="102">
</dataflow>
<dataflow id="446" from="StgValue_445" to="tmp_80" fromId="445" toId="103">
</dataflow>
<dataflow id="447" from="tmp_79" to="tmp_80" fromId="102" toId="103">
</dataflow>
<dataflow id="448" from="tmp_80" to="tmp_103_cast" fromId="103" toId="104">
</dataflow>
<dataflow id="449" from="ctx_state_1" to="ctx_state_1_load" fromId="188" toId="105">
</dataflow>
<dataflow id="450" from="ctx_state_1_load" to="tmp_82" fromId="105" toId="106">
</dataflow>
<dataflow id="451" from="tmp_103_cast" to="tmp_82" fromId="104" toId="106">
</dataflow>
<dataflow id="452" from="tmp_82" to="tmp_98" fromId="106" toId="107">
</dataflow>
<dataflow id="453" from="i_2" to="sum2" fromId="94" toId="108">
</dataflow>
<dataflow id="454" from="StgValue_429" to="sum2" fromId="429" toId="108">
</dataflow>
<dataflow id="455" from="sum2" to="sum2_cast" fromId="108" toId="109">
</dataflow>
<dataflow id="456" from="final_hash" to="final_hash_addr_1" fromId="184" toId="110">
</dataflow>
<dataflow id="457" from="StgValue_203" to="final_hash_addr_1" fromId="203" toId="110">
</dataflow>
<dataflow id="458" from="sum2_cast" to="final_hash_addr_1" fromId="109" toId="110">
</dataflow>
<dataflow id="459" from="tmp_98" to="StgValue_111" fromId="107" toId="111">
</dataflow>
<dataflow id="460" from="final_hash_addr_1" to="StgValue_111" fromId="110" toId="111">
</dataflow>
<dataflow id="461" from="ctx_state_2" to="ctx_state_2_load" fromId="189" toId="112">
</dataflow>
<dataflow id="462" from="ctx_state_2_load" to="tmp_84" fromId="112" toId="113">
</dataflow>
<dataflow id="463" from="tmp_103_cast" to="tmp_84" fromId="104" toId="113">
</dataflow>
<dataflow id="464" from="tmp_84" to="tmp_99" fromId="113" toId="114">
</dataflow>
<dataflow id="466" from="_ssdm_op_BitConcatenate.i4.i1.i3" to="sum1" fromId="465" toId="115">
</dataflow>
<dataflow id="468" from="StgValue_467" to="sum1" fromId="467" toId="115">
</dataflow>
<dataflow id="469" from="i_2" to="sum1" fromId="94" toId="115">
</dataflow>
<dataflow id="470" from="sum1" to="sum4_cast" fromId="115" toId="116">
</dataflow>
<dataflow id="471" from="final_hash" to="final_hash_addr_2" fromId="184" toId="117">
</dataflow>
<dataflow id="472" from="StgValue_203" to="final_hash_addr_2" fromId="203" toId="117">
</dataflow>
<dataflow id="473" from="sum4_cast" to="final_hash_addr_2" fromId="116" toId="117">
</dataflow>
<dataflow id="474" from="tmp_99" to="StgValue_118" fromId="114" toId="118">
</dataflow>
<dataflow id="475" from="final_hash_addr_2" to="StgValue_118" fromId="117" toId="118">
</dataflow>
<dataflow id="476" from="ctx_state_0" to="ctx_state_0_load" fromId="187" toId="120">
</dataflow>
<dataflow id="477" from="ctx_state_0_load" to="tmp_81" fromId="120" toId="121">
</dataflow>
<dataflow id="478" from="tmp_103_cast" to="tmp_81" fromId="104" toId="121">
</dataflow>
<dataflow id="479" from="tmp_81" to="tmp_97" fromId="121" toId="122">
</dataflow>
<dataflow id="480" from="final_hash" to="final_hash_addr" fromId="184" toId="123">
</dataflow>
<dataflow id="481" from="StgValue_203" to="final_hash_addr" fromId="203" toId="123">
</dataflow>
<dataflow id="482" from="i_2_cast2" to="final_hash_addr" fromId="95" toId="123">
</dataflow>
<dataflow id="483" from="tmp_97" to="StgValue_124" fromId="122" toId="124">
</dataflow>
<dataflow id="484" from="final_hash_addr" to="StgValue_124" fromId="123" toId="124">
</dataflow>
<dataflow id="485" from="ctx_state_3" to="ctx_state_3_load" fromId="190" toId="125">
</dataflow>
<dataflow id="486" from="ctx_state_3_load" to="tmp_86" fromId="125" toId="126">
</dataflow>
<dataflow id="487" from="tmp_103_cast" to="tmp_86" fromId="104" toId="126">
</dataflow>
<dataflow id="488" from="tmp_86" to="tmp_100" fromId="126" toId="127">
</dataflow>
<dataflow id="489" from="sum2" to="sum6_cast8" fromId="108" toId="128">
</dataflow>
<dataflow id="490" from="sum6_cast8" to="sum6_cast" fromId="128" toId="129">
</dataflow>
<dataflow id="491" from="final_hash" to="final_hash_addr_3" fromId="184" toId="130">
</dataflow>
<dataflow id="492" from="StgValue_203" to="final_hash_addr_3" fromId="203" toId="130">
</dataflow>
<dataflow id="493" from="sum6_cast" to="final_hash_addr_3" fromId="129" toId="130">
</dataflow>
<dataflow id="494" from="tmp_100" to="StgValue_131" fromId="127" toId="131">
</dataflow>
<dataflow id="495" from="final_hash_addr_3" to="StgValue_131" fromId="130" toId="131">
</dataflow>
<dataflow id="496" from="ctx_state_4" to="ctx_state_4_load" fromId="191" toId="132">
</dataflow>
<dataflow id="497" from="ctx_state_4_load" to="tmp_88" fromId="132" toId="133">
</dataflow>
<dataflow id="498" from="tmp_103_cast" to="tmp_88" fromId="104" toId="133">
</dataflow>
<dataflow id="499" from="tmp_88" to="tmp_101" fromId="133" toId="134">
</dataflow>
<dataflow id="500" from="_ssdm_op_BitConcatenate.i5.i2.i3" to="sum4" fromId="441" toId="135">
</dataflow>
<dataflow id="502" from="StgValue_501" to="sum4" fromId="501" toId="135">
</dataflow>
<dataflow id="503" from="i_2" to="sum4" fromId="94" toId="135">
</dataflow>
<dataflow id="504" from="sum4" to="sum8_cast" fromId="135" toId="136">
</dataflow>
<dataflow id="505" from="final_hash" to="final_hash_addr_4" fromId="184" toId="137">
</dataflow>
<dataflow id="506" from="StgValue_203" to="final_hash_addr_4" fromId="203" toId="137">
</dataflow>
<dataflow id="507" from="sum8_cast" to="final_hash_addr_4" fromId="136" toId="137">
</dataflow>
<dataflow id="508" from="tmp_101" to="StgValue_138" fromId="134" toId="138">
</dataflow>
<dataflow id="509" from="final_hash_addr_4" to="StgValue_138" fromId="137" toId="138">
</dataflow>
<dataflow id="510" from="ctx_state_5" to="ctx_state_5_load" fromId="192" toId="139">
</dataflow>
<dataflow id="511" from="ctx_state_5_load" to="tmp_90" fromId="139" toId="140">
</dataflow>
<dataflow id="512" from="tmp_103_cast" to="tmp_90" fromId="104" toId="140">
</dataflow>
<dataflow id="513" from="tmp_90" to="tmp_102" fromId="140" toId="141">
</dataflow>
<dataflow id="515" from="StgValue_514" to="sum" fromId="514" toId="142">
</dataflow>
<dataflow id="516" from="i_2_cast1" to="sum" fromId="96" toId="142">
</dataflow>
<dataflow id="517" from="sum" to="sum_cast" fromId="142" toId="143">
</dataflow>
<dataflow id="518" from="final_hash" to="final_hash_addr_5" fromId="184" toId="144">
</dataflow>
<dataflow id="519" from="StgValue_203" to="final_hash_addr_5" fromId="203" toId="144">
</dataflow>
<dataflow id="520" from="sum_cast" to="final_hash_addr_5" fromId="143" toId="144">
</dataflow>
<dataflow id="521" from="tmp_102" to="StgValue_145" fromId="141" toId="145">
</dataflow>
<dataflow id="522" from="final_hash_addr_5" to="StgValue_145" fromId="144" toId="145">
</dataflow>
<dataflow id="523" from="ctx_state_6" to="ctx_state_6_load" fromId="193" toId="146">
</dataflow>
<dataflow id="524" from="ctx_state_6_load" to="tmp_92" fromId="146" toId="147">
</dataflow>
<dataflow id="525" from="tmp_103_cast" to="tmp_92" fromId="104" toId="147">
</dataflow>
<dataflow id="526" from="tmp_92" to="tmp_103" fromId="147" toId="148">
</dataflow>
<dataflow id="527" from="ctx_state_7" to="ctx_state_7_load" fromId="194" toId="149">
</dataflow>
<dataflow id="528" from="ctx_state_7_load" to="tmp_94" fromId="149" toId="150">
</dataflow>
<dataflow id="529" from="tmp_103_cast" to="tmp_94" fromId="104" toId="150">
</dataflow>
<dataflow id="530" from="tmp_94" to="tmp_104" fromId="150" toId="151">
</dataflow>
<dataflow id="531" from="_ssdm_op_SpecLoopName" to="StgValue_152" fromId="276" toId="152">
</dataflow>
<dataflow id="533" from="p_str2" to="StgValue_152" fromId="532" toId="152">
</dataflow>
<dataflow id="534" from="sum1" to="sum1_cast7" fromId="115" toId="153">
</dataflow>
<dataflow id="535" from="sum1_cast7" to="sum1_cast" fromId="153" toId="154">
</dataflow>
<dataflow id="536" from="final_hash" to="final_hash_addr_6" fromId="184" toId="155">
</dataflow>
<dataflow id="537" from="StgValue_203" to="final_hash_addr_6" fromId="203" toId="155">
</dataflow>
<dataflow id="538" from="sum1_cast" to="final_hash_addr_6" fromId="154" toId="155">
</dataflow>
<dataflow id="539" from="tmp_103" to="StgValue_156" fromId="148" toId="156">
</dataflow>
<dataflow id="540" from="final_hash_addr_6" to="StgValue_156" fromId="155" toId="156">
</dataflow>
<dataflow id="541" from="sum2" to="sum3_cast6" fromId="108" toId="157">
</dataflow>
<dataflow id="542" from="sum3_cast6" to="sum3_cast" fromId="157" toId="158">
</dataflow>
<dataflow id="543" from="final_hash" to="final_hash_addr_7" fromId="184" toId="159">
</dataflow>
<dataflow id="544" from="StgValue_203" to="final_hash_addr_7" fromId="203" toId="159">
</dataflow>
<dataflow id="545" from="sum3_cast" to="final_hash_addr_7" fromId="158" toId="159">
</dataflow>
<dataflow id="546" from="tmp_104" to="StgValue_160" fromId="151" toId="160">
</dataflow>
<dataflow id="547" from="final_hash_addr_7" to="StgValue_160" fromId="159" toId="160">
</dataflow>
<dataflow id="548" from="tmp" to="StgValue_1" fromId="16" toId="1">
</dataflow>
<dataflow id="549" from="icmp" to="StgValue_2" fromId="25" toId="2">
</dataflow>
<dataflow id="550" from="tmp" to="StgValue_4" fromId="16" toId="4">
</dataflow>
<dataflow id="551" from="tmp_s" to="StgValue_4" fromId="35" toId="4">
</dataflow>
<dataflow id="552" from="tmp_67" to="StgValue_4" fromId="50" toId="4">
</dataflow>
<dataflow id="553" from="exitcond" to="StgValue_5" fromId="74" toId="5">
</dataflow>
<dataflow id="554" from="tmp_78" to="StgValue_11" fromId="97" toId="11">
</dataflow>
</dataflows>


</stg>
