<profile>

<section name = "Vivado HLS Report for 'sha256_final'" level="0">
<item name = "Date">Sun May 23 11:44:26 2021
</item>
<item name = "Version">2016.4 (Build 1756540 on Mon Jan 23 19:31:01 MST 2017)</item>
<item name = "Project">sha256_prj</item>
<item name = "Solution">solution1</item>
<item name = "Product family">zynq</item>
<item name = "Target device">xc7z020clg484-1</item>
</section>

<section name = "Performance Estimates" level="0">
<item name = "Timing (ns)">
<section name = "" level="1">
<item name = "Summary"><table name="" hasTotal="0">
<keys size="4">Clock, Target, Estimated, Uncertainty</keys>
<column name="ap_clk">10.00, 7.12, 1.25</column>
</table>
</item>
</section>
</item>
<item name = "Latency (clock cycles)">
<section name = "" level="1">
<item name = "Summary"><table name="" hasTotal="0">
<keys size="6">, min, max, min, max, Type</keys>
<column name="">?, ?, ?, ?, none</column>
</table>
</item>
<item name = "Detail">
<section name = "" level="1">
<item name = "Instance"><table name="" hasTotal="0">
<keys size="7">Instance, Module, min, max, min, max, Type</keys>
<column name="grp_sha256_transform_fu_295">sha256_transform, 435, 435, 435, 435, none</column>
</table>
</item>
<item name = "Loop"><table name="" hasTotal="0">
<keys size="8">Loop Name, min, max, Latency, achieved, target, Count, Pipelined</keys>
<column name="- Loop 1">?, ?, 1, -, -, ?, no</column>
<column name="- Loop 2">?, ?, 1, -, -, ?, no</column>
<column name="- sha256_final_memset">56, 56, 1, -, -, 56, no</column>
<column name="- sha256_final_final_loop">16, 16, 4, -, -, 4, no</column>
</table>
</item>
</section>
</item>
</section>
</item>
</section>

<section name = "Utilization Estimates" level="0">
<item name = "Summary"><table name="" hasTotal="1">
<keys size="5">Name, BRAM_18K, DSP48E, FF, LUT</keys>
<column name="DSP">-, -, -, -</column>
<column name="Expression">-, -, 0, 999</column>
<column name="FIFO">-, -, -, -</column>
<column name="Instance">3, -, 801, 1807</column>
<column name="Memory">-, -, -, -</column>
<column name="Multiplexer">-, -, -, 501</column>
<column name="Register">-, -, 202, -</column>
<specialColumn name="Available">280, 220, 106400, 53200</specialColumn>
<specialColumn name="Utilization (%)">1, 0, ~0, 6</specialColumn>
</table>
</item>
<item name = "Detail">
<section name = "" level="1">
<item name = "Instance"><table name="" hasTotal="1">
<keys size="6">Instance, Module, BRAM_18K, DSP48E, FF, LUT</keys>
<column name="grp_sha256_transform_fu_295">sha256_transform, 3, 0, 801, 1807</column>
</table>
</item>
<item name = "DSP48"><table name="" hasTotal="0">
<keys size="3">Instance, Module, Expression</keys>
</table>
</item>
<item name = "Memory"><table name="" hasTotal="1">
<keys size="9">Memory, Module, BRAM_18K, FF, LUT, Words, Bits, Banks, W*Bits*Banks</keys>
</table>
</item>
<item name = "FIFO"><table name="" hasTotal="1">
<keys size="7">Name, BRAM_18K, FF, LUT, Depth, Bits, Size:D*B</keys>
</table>
</item>
<item name = "Expression"><table name="" hasTotal="1">
<keys size="7">Variable Name, Operation, DSP48E, FF, LUT, Bitwidth P0, Bitwidth P1</keys>
<column name="i_1_fu_330_p2">+, 0, 0, 32, 32, 1</column>
<column name="i_5_fu_510_p2">+, 0, 0, 32, 32, 1</column>
<column name="i_6_fu_571_p2">+, 0, 0, 3, 3, 1</column>
<column name="j_2_fu_364_p2">+, 0, 0, 6, 6, 1</column>
<column name="sum_fu_730_p2">+, 0, 0, 5, 5, 5</column>
<column name="tmp_68_fu_408_p2">+, 0, 0, 32, 32, 1</column>
<column name="tmp_69_fu_448_p2">+, 0, 0, 32, 32, 32</column>
<column name="tmp_70_fu_472_p2">+, 0, 0, 8, 8, 8</column>
<column name="tmp_86_cast3_fu_454_p2">+, 0, 0, 24, 24, 24</column>
<column name="tmp_86_cast_fu_460_p2">+, 0, 0, 16, 16, 16</column>
<column name="tmp_80_fu_589_p2">-, 0, 0, 5, 5, 5</column>
<column name="exitcond_fu_517_p2">icmp, 0, 0, 11, 32, 6</column>
<column name="icmp_fu_347_p2">icmp, 0, 0, 9, 26, 1</column>
<column name="tmp_67_fu_398_p2">icmp, 0, 0, 11, 32, 32</column>
<column name="tmp_78_fu_565_p2">icmp, 0, 0, 2, 3, 4</column>
<column name="tmp_fu_324_p2">icmp, 0, 0, 11, 32, 6</column>
<column name="tmp_s_fu_358_p2">icmp, 0, 0, 3, 6, 5</column>
<column name="tmp_81_fu_657_p2">lshr, 0, 0, 88, 32, 32</column>
<column name="tmp_82_fu_603_p2">lshr, 0, 0, 88, 32, 32</column>
<column name="tmp_84_fu_629_p2">lshr, 0, 0, 88, 32, 32</column>
<column name="tmp_86_fu_671_p2">lshr, 0, 0, 88, 32, 32</column>
<column name="tmp_88_fu_693_p2">lshr, 0, 0, 88, 32, 32</column>
<column name="tmp_90_fu_720_p2">lshr, 0, 0, 88, 32, 32</column>
<column name="tmp_92_fu_744_p2">lshr, 0, 0, 88, 32, 32</column>
<column name="tmp_94_fu_757_p2">lshr, 0, 0, 88, 32, 32</column>
<column name="ap_condition_132">or, 0, 0, 1, 1, 1</column>
<column name="ap_condition_260">or, 0, 0, 1, 1, 1</column>
<column name="sum2_fu_614_p2">xor, 0, 0, 7, 3, 4</column>
<column name="tmp_66_fu_392_p2">xor, 0, 0, 44, 32, 2</column>
</table>
</item>
<item name = "Multiplexer"><table name="" hasTotal="1">
<keys size="5">Name, LUT, Input Size, Bits, Total Bits</keys>
<column name="ap_NS_fsm">6, 15, 1, 15</column>
<column name="ctx_bitlen_0_o">32, 2, 32, 64</column>
<column name="ctx_bitlen_1_loc_reg_274">32, 2, 32, 64</column>
<column name="ctx_bitlen_1_o">32, 2, 32, 64</column>
<column name="ctx_in_data_address0">12, 9, 6, 54</column>
<column name="ctx_in_data_address1">6, 7, 6, 42</column>
<column name="ctx_in_data_ce0">1, 3, 1, 3</column>
<column name="ctx_in_data_ce1">1, 3, 1, 3</column>
<column name="ctx_in_data_d0">8, 7, 8, 56</column>
<column name="ctx_in_data_d1">8, 6, 8, 48</column>
<column name="ctx_state_0_o">32, 2, 32, 64</column>
<column name="ctx_state_0_o_ap_vld">1, 2, 1, 2</column>
<column name="ctx_state_1_o">32, 2, 32, 64</column>
<column name="ctx_state_1_o_ap_vld">1, 2, 1, 2</column>
<column name="ctx_state_2_o">32, 2, 32, 64</column>
<column name="ctx_state_2_o_ap_vld">1, 2, 1, 2</column>
<column name="ctx_state_3_o">32, 2, 32, 64</column>
<column name="ctx_state_3_o_ap_vld">1, 2, 1, 2</column>
<column name="ctx_state_4_o">32, 2, 32, 64</column>
<column name="ctx_state_4_o_ap_vld">1, 2, 1, 2</column>
<column name="ctx_state_5_o">32, 2, 32, 64</column>
<column name="ctx_state_5_o_ap_vld">1, 2, 1, 2</column>
<column name="ctx_state_6_o">32, 2, 32, 64</column>
<column name="ctx_state_6_o_ap_vld">1, 2, 1, 2</column>
<column name="ctx_state_7_o">32, 2, 32, 64</column>
<column name="ctx_state_7_o_ap_vld">1, 2, 1, 2</column>
<column name="final_hash_address0">5, 5, 5, 25</column>
<column name="final_hash_address1">5, 5, 5, 25</column>
<column name="final_hash_d0">8, 5, 8, 40</column>
<column name="final_hash_d1">8, 5, 8, 40</column>
<column name="i_0_in_reg_265">32, 2, 32, 64</column>
<column name="i_1_in_reg_245">32, 2, 32, 64</column>
<column name="i_2_reg_283">3, 2, 3, 6</column>
<column name="j_reg_254">6, 2, 6, 12</column>
</table>
</item>
<item name = "Register"><table name="" hasTotal="1">
<keys size="5">Name, FF, LUT, Bits, Const Bits</keys>
<column name="ap_CS_fsm">14, 0, 14, 0</column>
<column name="ap_reg_grp_sha256_transform_fu_295_ap_start">1, 0, 1, 0</column>
<column name="ctx_bitlen_1_loc_reg_274">32, 0, 32, 0</column>
<column name="i_0_in_reg_265">32, 0, 32, 0</column>
<column name="i_1_in_reg_245">32, 0, 32, 0</column>
<column name="i_2_cast1_reg_866">3, 0, 5, 2</column>
<column name="i_2_cast2_reg_861">3, 0, 32, 29</column>
<column name="i_2_reg_283">3, 0, 3, 0</column>
<column name="i_6_reg_874">3, 0, 3, 0</column>
<column name="j_reg_254">6, 0, 6, 0</column>
<column name="sum1_reg_895">3, 0, 4, 1</column>
<column name="sum2_reg_889">3, 0, 3, 0</column>
<column name="tmp_103_cast_reg_879">2, 0, 32, 30</column>
<column name="tmp_103_reg_900">8, 0, 8, 0</column>
<column name="tmp_104_reg_905">8, 0, 8, 0</column>
<column name="tmp_72_reg_823">8, 0, 8, 0</column>
<column name="tmp_73_reg_828">8, 0, 8, 0</column>
<column name="tmp_74_reg_846">8, 0, 8, 0</column>
<column name="tmp_76_reg_851">8, 0, 8, 0</column>
<column name="tmp_77_reg_856">8, 0, 8, 0</column>
<column name="tmp_93_reg_841">8, 0, 8, 0</column>
<column name="tmp_reg_790">1, 0, 1, 0</column>
</table>
</item>
</section>
</item>
</section>

<section name = "Interface" level="0">
<item name = "Summary"><table name="" hasTotal="0">
<keys size="6">RTL Ports, Dir, Bits, Protocol, Source Object, C Type</keys>
<column name="ap_clk">in, 1, ap_ctrl_hs, sha256_final, return value</column>
<column name="ap_rst">in, 1, ap_ctrl_hs, sha256_final, return value</column>
<column name="ap_start">in, 1, ap_ctrl_hs, sha256_final, return value</column>
<column name="ap_done">out, 1, ap_ctrl_hs, sha256_final, return value</column>
<column name="ap_idle">out, 1, ap_ctrl_hs, sha256_final, return value</column>
<column name="ap_ready">out, 1, ap_ctrl_hs, sha256_final, return value</column>
<column name="final_hash_address0">out, 5, ap_memory, final_hash, array</column>
<column name="final_hash_ce0">out, 1, ap_memory, final_hash, array</column>
<column name="final_hash_we0">out, 1, ap_memory, final_hash, array</column>
<column name="final_hash_d0">out, 8, ap_memory, final_hash, array</column>
<column name="final_hash_address1">out, 5, ap_memory, final_hash, array</column>
<column name="final_hash_ce1">out, 1, ap_memory, final_hash, array</column>
<column name="final_hash_we1">out, 1, ap_memory, final_hash, array</column>
<column name="final_hash_d1">out, 8, ap_memory, final_hash, array</column>
<column name="ctx_datalen">in, 32, ap_none, ctx_datalen, pointer</column>
<column name="ctx_in_data_address0">out, 6, ap_memory, ctx_in_data, array</column>
<column name="ctx_in_data_ce0">out, 1, ap_memory, ctx_in_data, array</column>
<column name="ctx_in_data_we0">out, 1, ap_memory, ctx_in_data, array</column>
<column name="ctx_in_data_d0">out, 8, ap_memory, ctx_in_data, array</column>
<column name="ctx_in_data_q0">in, 8, ap_memory, ctx_in_data, array</column>
<column name="ctx_in_data_address1">out, 6, ap_memory, ctx_in_data, array</column>
<column name="ctx_in_data_ce1">out, 1, ap_memory, ctx_in_data, array</column>
<column name="ctx_in_data_we1">out, 1, ap_memory, ctx_in_data, array</column>
<column name="ctx_in_data_d1">out, 8, ap_memory, ctx_in_data, array</column>
<column name="ctx_in_data_q1">in, 8, ap_memory, ctx_in_data, array</column>
<column name="ctx_state_0_i">in, 32, ap_ovld, ctx_state_0, pointer</column>
<column name="ctx_state_0_o">out, 32, ap_ovld, ctx_state_0, pointer</column>
<column name="ctx_state_0_o_ap_vld">out, 1, ap_ovld, ctx_state_0, pointer</column>
<column name="ctx_state_1_i">in, 32, ap_ovld, ctx_state_1, pointer</column>
<column name="ctx_state_1_o">out, 32, ap_ovld, ctx_state_1, pointer</column>
<column name="ctx_state_1_o_ap_vld">out, 1, ap_ovld, ctx_state_1, pointer</column>
<column name="ctx_state_2_i">in, 32, ap_ovld, ctx_state_2, pointer</column>
<column name="ctx_state_2_o">out, 32, ap_ovld, ctx_state_2, pointer</column>
<column name="ctx_state_2_o_ap_vld">out, 1, ap_ovld, ctx_state_2, pointer</column>
<column name="ctx_state_3_i">in, 32, ap_ovld, ctx_state_3, pointer</column>
<column name="ctx_state_3_o">out, 32, ap_ovld, ctx_state_3, pointer</column>
<column name="ctx_state_3_o_ap_vld">out, 1, ap_ovld, ctx_state_3, pointer</column>
<column name="ctx_state_4_i">in, 32, ap_ovld, ctx_state_4, pointer</column>
<column name="ctx_state_4_o">out, 32, ap_ovld, ctx_state_4, pointer</column>
<column name="ctx_state_4_o_ap_vld">out, 1, ap_ovld, ctx_state_4, pointer</column>
<column name="ctx_state_5_i">in, 32, ap_ovld, ctx_state_5, pointer</column>
<column name="ctx_state_5_o">out, 32, ap_ovld, ctx_state_5, pointer</column>
<column name="ctx_state_5_o_ap_vld">out, 1, ap_ovld, ctx_state_5, pointer</column>
<column name="ctx_state_6_i">in, 32, ap_ovld, ctx_state_6, pointer</column>
<column name="ctx_state_6_o">out, 32, ap_ovld, ctx_state_6, pointer</column>
<column name="ctx_state_6_o_ap_vld">out, 1, ap_ovld, ctx_state_6, pointer</column>
<column name="ctx_state_7_i">in, 32, ap_ovld, ctx_state_7, pointer</column>
<column name="ctx_state_7_o">out, 32, ap_ovld, ctx_state_7, pointer</column>
<column name="ctx_state_7_o_ap_vld">out, 1, ap_ovld, ctx_state_7, pointer</column>
<column name="ctx_bitlen_0_i">in, 32, ap_ovld, ctx_bitlen_0, pointer</column>
<column name="ctx_bitlen_0_o">out, 32, ap_ovld, ctx_bitlen_0, pointer</column>
<column name="ctx_bitlen_0_o_ap_vld">out, 1, ap_ovld, ctx_bitlen_0, pointer</column>
<column name="ctx_bitlen_1_i">in, 32, ap_ovld, ctx_bitlen_1, pointer</column>
<column name="ctx_bitlen_1_o">out, 32, ap_ovld, ctx_bitlen_1, pointer</column>
<column name="ctx_bitlen_1_o_ap_vld">out, 1, ap_ovld, ctx_bitlen_1, pointer</column>
</table>
</item>
</section>
</profile>
