<profile>

<section name = "Vivado HLS Report for 'sha256_top'" level="0">
<item name = "Date">Sun May 23 11:44:26 2021
</item>
<item name = "Version">2016.4 (Build 1756540 on Mon Jan 23 19:31:01 MST 2017)</item>
<item name = "Project">sha256_prj</item>
<item name = "Solution">solution1</item>
<item name = "Product family">zynq</item>
<item name = "Target device">xc7z020clg484-1</item>
</section>

<section name = "Performance Estimates" level="0">
<item name = "Timing (ns)">
<section name = "" level="1">
<item name = "Summary"><table name="" hasTotal="0">
<keys size="4">Clock, Target, Estimated, Uncertainty</keys>
<column name="ap_clk">10.00, 7.12, 1.25</column>
</table>
</item>
</section>
</item>
<item name = "Latency (clock cycles)">
<section name = "" level="1">
<item name = "Summary"><table name="" hasTotal="0">
<keys size="6">, min, max, min, max, Type</keys>
<column name="">?, ?, ?, ?, none</column>
</table>
</item>
<item name = "Detail">
<section name = "" level="1">
<item name = "Instance"><table name="" hasTotal="0">
<keys size="7">Instance, Module, min, max, min, max, Type</keys>
<column name="grp_sha256_final_fu_112">sha256_final, ?, ?, ?, ?, none</column>
<column name="grp_sha256_transform_fu_144">sha256_transform, 435, 435, 435, 435, none</column>
</table>
</item>
<item name = "Loop"><table name="" hasTotal="0">
<keys size="8">Loop Name, min, max, Latency, achieved, target, Count, Pipelined</keys>
<column name="- Loop 1">96, 14048, 3 ~ 439, -, -, 32, no</column>
</table>
</item>
</section>
</item>
</section>
</item>
</section>

<section name = "Utilization Estimates" level="0">
<item name = "Summary"><table name="" hasTotal="1">
<keys size="5">Name, BRAM_18K, DSP48E, FF, LUT</keys>
<column name="DSP">-, -, -, -</column>
<column name="Expression">-, -, 0, 127</column>
<column name="FIFO">-, -, -, -</column>
<column name="Instance">6, -, 1804, 5114</column>
<column name="Memory">1, -, 0, 0</column>
<column name="Multiplexer">-, -, -, 383</column>
<column name="Register">-, -, 373, -</column>
<specialColumn name="Available">280, 220, 106400, 53200</specialColumn>
<specialColumn name="Utilization (%)">2, 0, 2, 10</specialColumn>
</table>
</item>
<item name = "Detail">
<section name = "" level="1">
<item name = "Instance"><table name="" hasTotal="1">
<keys size="6">Instance, Module, BRAM_18K, DSP48E, FF, LUT</keys>
<column name="grp_sha256_final_fu_112">sha256_final, 3, 0, 1003, 3307</column>
<column name="grp_sha256_transform_fu_144">sha256_transform, 3, 0, 801, 1807</column>
</table>
</item>
<item name = "DSP48"><table name="" hasTotal="0">
<keys size="3">Instance, Module, Expression</keys>
</table>
</item>
<item name = "Memory"><table name="" hasTotal="1">
<keys size="9">Memory, Module, BRAM_18K, FF, LUT, Words, Bits, Banks, W*Bits*Banks</keys>
<column name="ctx_in_data_U">sha256_top_ctx_inbkb, 1, 0, 0, 64, 8, 1, 512</column>
</table>
</item>
<item name = "FIFO"><table name="" hasTotal="1">
<keys size="7">Name, BRAM_18K, FF, LUT, Depth, Bits, Size:D*B</keys>
</table>
</item>
<item name = "Expression"><table name="" hasTotal="1">
<keys size="7">Variable Name, Operation, DSP48E, FF, LUT, Bitwidth P0, Bitwidth P1</keys>
<column name="ctx_datalen_assign_i_fu_256_p2">+, 0, 0, 32, 32, 1</column>
<column name="i_fu_245_p2">+, 0, 0, 6, 6, 1</column>
<column name="tmp_3_i_fu_288_p2">+, 0, 0, 32, 32, 1</column>
<column name="tmp_4_i_fu_300_p2">+, 0, 0, 32, 32, 10</column>
<column name="exitcond_i_fu_239_p2">icmp, 0, 0, 3, 6, 7</column>
<column name="tmp_1_i_fu_268_p2">icmp, 0, 0, 11, 32, 7</column>
<column name="tmp_2_i_fu_278_p2">icmp, 0, 0, 11, 32, 11</column>
</table>
</item>
<item name = "Multiplexer"><table name="" hasTotal="1">
<keys size="5">Name, LUT, Input Size, Bits, Total Bits</keys>
<column name="ap_NS_fsm">1, 7, 1, 7</column>
<column name="ctx_bitlen_0">32, 3, 32, 96</column>
<column name="ctx_bitlen_1">32, 3, 32, 96</column>
<column name="ctx_datalen">32, 2, 32, 64</column>
<column name="ctx_in_data_address0">6, 4, 6, 24</column>
<column name="ctx_in_data_address1">6, 3, 6, 18</column>
<column name="ctx_in_data_ce0">1, 4, 1, 4</column>
<column name="ctx_in_data_ce1">1, 3, 1, 3</column>
<column name="ctx_in_data_d0">8, 3, 8, 24</column>
<column name="ctx_in_data_we0">1, 3, 1, 3</column>
<column name="ctx_in_data_we1">1, 2, 1, 2</column>
<column name="ctx_state_0">32, 3, 32, 96</column>
<column name="ctx_state_1">32, 3, 32, 96</column>
<column name="ctx_state_2">32, 3, 32, 96</column>
<column name="ctx_state_3">32, 3, 32, 96</column>
<column name="ctx_state_4">32, 3, 32, 96</column>
<column name="ctx_state_5">32, 3, 32, 96</column>
<column name="ctx_state_6">32, 3, 32, 96</column>
<column name="ctx_state_7">32, 3, 32, 96</column>
<column name="i_i_reg_101">6, 2, 6, 12</column>
</table>
</item>
<item name = "Register"><table name="" hasTotal="1">
<keys size="5">Name, FF, LUT, Bits, Const Bits</keys>
<column name="ap_CS_fsm">6, 0, 6, 0</column>
<column name="ap_reg_grp_sha256_final_fu_112_ap_start">1, 0, 1, 0</column>
<column name="ap_reg_grp_sha256_transform_fu_144_ap_start">1, 0, 1, 0</column>
<column name="ctx_bitlen_0">32, 0, 32, 0</column>
<column name="ctx_bitlen_1">32, 0, 32, 0</column>
<column name="ctx_datalen">32, 0, 32, 0</column>
<column name="ctx_state_0">32, 0, 32, 0</column>
<column name="ctx_state_1">32, 0, 32, 0</column>
<column name="ctx_state_2">32, 0, 32, 0</column>
<column name="ctx_state_3">32, 0, 32, 0</column>
<column name="ctx_state_4">32, 0, 32, 0</column>
<column name="ctx_state_5">32, 0, 32, 0</column>
<column name="ctx_state_6">32, 0, 32, 0</column>
<column name="ctx_state_7">32, 0, 32, 0</column>
<column name="i_i_reg_101">6, 0, 6, 0</column>
<column name="i_reg_315">6, 0, 6, 0</column>
<column name="tmp_1_i_reg_325">1, 0, 1, 0</column>
</table>
</item>
</section>
</item>
</section>

<section name = "Interface" level="0">
<item name = "Summary"><table name="" hasTotal="0">
<keys size="6">RTL Ports, Dir, Bits, Protocol, Source Object, C Type</keys>
<column name="ap_clk">in, 1, ap_ctrl_hs, sha256_top, return value</column>
<column name="ap_rst">in, 1, ap_ctrl_hs, sha256_top, return value</column>
<column name="ap_start">in, 1, ap_ctrl_hs, sha256_top, return value</column>
<column name="ap_done">out, 1, ap_ctrl_hs, sha256_top, return value</column>
<column name="ap_idle">out, 1, ap_ctrl_hs, sha256_top, return value</column>
<column name="ap_ready">out, 1, ap_ctrl_hs, sha256_top, return value</column>
<column name="data_address0">out, 5, ap_memory, data, array</column>
<column name="data_ce0">out, 1, ap_memory, data, array</column>
<column name="data_q0">in, 8, ap_memory, data, array</column>
<column name="hash_address0">out, 5, ap_memory, hash, array</column>
<column name="hash_ce0">out, 1, ap_memory, hash, array</column>
<column name="hash_we0">out, 1, ap_memory, hash, array</column>
<column name="hash_d0">out, 8, ap_memory, hash, array</column>
<column name="hash_address1">out, 5, ap_memory, hash, array</column>
<column name="hash_ce1">out, 1, ap_memory, hash, array</column>
<column name="hash_we1">out, 1, ap_memory, hash, array</column>
<column name="hash_d1">out, 8, ap_memory, hash, array</column>
</table>
</item>
</section>
</profile>
