<stg><name>sha256_transform</name>


<trans_list>

<trans id="183" from="1" to="2">
<condition id="24">
<or_exp><and_exp></and_exp></or_exp>
</condition>
</trans>

<trans id="184" from="2" to="3">
<condition id="25">
<or_exp><and_exp><literal name="tmp" val="0"/>
</and_exp></or_exp>
</condition>
</trans>

<trans id="188" from="2" to="5">
<condition id="31">
<or_exp><and_exp><literal name="tmp" val="1"/>
</and_exp></or_exp>
</condition>
</trans>

<trans id="186" from="3" to="4">
<condition id="27">
<or_exp><and_exp></and_exp></or_exp>
</condition>
</trans>

<trans id="187" from="4" to="2">
<condition id="29">
<or_exp><and_exp></and_exp></or_exp>
</condition>
</trans>

<trans id="189" from="5" to="6">
<condition id="32">
<or_exp><and_exp><literal name="exitcond" val="0"/>
</and_exp></or_exp>
</condition>
</trans>

<trans id="194" from="5" to="9">
<condition id="39">
<or_exp><and_exp><literal name="exitcond" val="1"/>
</and_exp></or_exp>
</condition>
</trans>

<trans id="191" from="6" to="7">
<condition id="34">
<or_exp><and_exp></and_exp></or_exp>
</condition>
</trans>

<trans id="192" from="7" to="8">
<condition id="35">
<or_exp><and_exp></and_exp></or_exp>
</condition>
</trans>

<trans id="193" from="8" to="5">
<condition id="37">
<or_exp><and_exp></and_exp></or_exp>
</condition>
</trans>

<trans id="195" from="9" to="10">
<condition id="40">
<or_exp><and_exp><literal name="tmp_28" val="0"/>
</and_exp></or_exp>
</condition>
</trans>

<trans id="197" from="10" to="11">
<condition id="42">
<or_exp><and_exp></and_exp></or_exp>
</condition>
</trans>

<trans id="198" from="11" to="9">
<condition id="44">
<or_exp><and_exp></and_exp></or_exp>
</condition>
</trans>
</trans_list>



<state_list>

<state id="1" st_id="1">

<operation id="12" st_id="1" stage="1" lat="1">
<core>RAM</core>
<MemPortIdVec></MemPortIdVec>
<condition id="0">
<or_exp><and_exp></and_exp></or_exp>
</condition>

<Node id="11" bw="32" op_0_bw="32">
<![CDATA[
:0  %m = alloca [64 x i32], align 4

]]></Node>
<StgValue><ssdm name="m"/></StgValue>
</operation>

<operation id="13" st_id="1" stage="1" lat="1">
<core>NULL</core>
<MemPortIdVec></MemPortIdVec>
<condition id="0">
<or_exp><and_exp></and_exp></or_exp>
</condition>

<Node id="12" bw="0" op_0_bw="0">
<![CDATA[
:1  br label %1

]]></Node>
<StgValue><ssdm name=""/></StgValue>
</operation>
</state>

<state id="2" st_id="2">

<operation id="14" st_id="2" stage="1" lat="1">
<core>NULL</core>
<MemPortIdVec></MemPortIdVec>
<condition id="1">
<or_exp><and_exp></and_exp></or_exp>
</condition>

<Node id="14" bw="5" op_0_bw="5" op_1_bw="0">
<![CDATA[
:0  %i = phi i5 [ 0, %0 ], [ %tmp_9, %2 ]

]]></Node>
<StgValue><ssdm name="i"/></StgValue>
</operation>

<operation id="15" st_id="2" stage="1" lat="1">
<core>NULL</core>
<MemPortIdVec></MemPortIdVec>
<condition id="1">
<or_exp><and_exp></and_exp></or_exp>
</condition>

<Node id="15" bw="7" op_0_bw="7" op_1_bw="0">
<![CDATA[
:1  %j = phi i7 [ 0, %0 ], [ %j_1, %2 ]

]]></Node>
<StgValue><ssdm name="j"/></StgValue>
</operation>

<operation id="16" st_id="2" stage="1" lat="1">
<core>NULL</core>
<MemPortIdVec></MemPortIdVec>
<condition id="1">
<or_exp><and_exp></and_exp></or_exp>
</condition>

<Node id="16" bw="32" op_0_bw="5">
<![CDATA[
:2  %i_cast = zext i5 %i to i32

]]></Node>
<StgValue><ssdm name="i_cast"/></StgValue>
</operation>

<operation id="17" st_id="2" stage="1" lat="1">
<core>Cmp</core>
<MemPortIdVec></MemPortIdVec>
<condition id="1">
<or_exp><and_exp></and_exp></or_exp>
</condition>

<Node id="17" bw="1" op_0_bw="5" op_1_bw="5">
<![CDATA[
:3  %tmp = icmp eq i5 %i, -16

]]></Node>
<StgValue><ssdm name="tmp"/></StgValue>
</operation>

<operation id="18" st_id="2" stage="1" lat="1">
<core>NULL</core>
<MemPortIdVec></MemPortIdVec>
<condition id="1">
<or_exp><and_exp></and_exp></or_exp>
</condition>

<Node id="18" bw="32" op_0_bw="32" op_1_bw="64" op_2_bw="64" op_3_bw="64">
<![CDATA[
:4  %empty = call i32 (...)* @_ssdm_op_SpecLoopTripCount(i64 16, i64 16, i64 16)

]]></Node>
<StgValue><ssdm name="empty"/></StgValue>
</operation>

<operation id="19" st_id="2" stage="1" lat="1">
<core>AddSub</core>
<MemPortIdVec></MemPortIdVec>
<condition id="1">
<or_exp><and_exp></and_exp></or_exp>
</condition>

<Node id="19" bw="5" op_0_bw="5" op_1_bw="5">
<![CDATA[
:5  %tmp_9 = add i5 %i, 1

]]></Node>
<StgValue><ssdm name="tmp_9"/></StgValue>
</operation>

<operation id="20" st_id="2" stage="1" lat="1">
<core>NULL</core>
<MemPortIdVec></MemPortIdVec>
<condition id="1">
<or_exp><and_exp></and_exp></or_exp>
</condition>

<Node id="20" bw="0" op_0_bw="1" op_1_bw="0" op_2_bw="0">
<![CDATA[
:6  br i1 %tmp, label %.preheader.preheader, label %2

]]></Node>
<StgValue><ssdm name=""/></StgValue>
</operation>

<operation id="21" st_id="2" stage="1" lat="1">
<core>NULL</core>
<MemPortIdVec></MemPortIdVec>
<condition id="3">
<or_exp><and_exp><literal name="tmp" val="0"/>
</and_exp></or_exp>
</condition>

<Node id="22" bw="32" op_0_bw="7">
<![CDATA[
:0  %j_cast4 = zext i7 %j to i32

]]></Node>
<StgValue><ssdm name="j_cast4"/></StgValue>
</operation>

<operation id="22" st_id="2" stage="1" lat="1">
<core>NULL</core>
<MemPortIdVec></MemPortIdVec>
<condition id="3">
<or_exp><and_exp><literal name="tmp" val="0"/>
</and_exp></or_exp>
</condition>

<Node id="23" bw="6" op_0_bw="8" op_1_bw="32" op_2_bw="32">
<![CDATA[
:1  %data_transform_addr = getelementptr [64 x i8]* %data_transform, i32 0, i32 %j_cast4

]]></Node>
<StgValue><ssdm name="data_transform_addr"/></StgValue>
</operation>

<operation id="23" st_id="2" stage="2" lat="2">
<core>RAM</core>
<MemPortIdVec></MemPortIdVec>
<condition id="3">
<or_exp><and_exp><literal name="tmp" val="0"/>
</and_exp></or_exp>
</condition>

<Node id="24" bw="8" op_0_bw="6">
<![CDATA[
:2  %data_transform_load = load i8* %data_transform_addr, align 1

]]></Node>
<StgValue><ssdm name="data_transform_load"/></StgValue>
</operation>

<operation id="24" st_id="2" stage="1" lat="1">
<core>NULL</core>
<MemPortIdVec></MemPortIdVec>
<condition id="3">
<or_exp><and_exp><literal name="tmp" val="0"/>
</and_exp></or_exp>
</condition>

<Node id="25" bw="6" op_0_bw="7">
<![CDATA[
:3  %tmp_3 = trunc i7 %j to i6

]]></Node>
<StgValue><ssdm name="tmp_3"/></StgValue>
</operation>

<operation id="25" st_id="2" stage="1" lat="1">
<core>NULL</core>
<MemPortIdVec></MemPortIdVec>
<condition id="3">
<or_exp><and_exp><literal name="tmp" val="0"/>
</and_exp></or_exp>
</condition>

<Node id="26" bw="6" op_0_bw="6" op_1_bw="6">
<![CDATA[
:4  %tmp_8 = or i6 %tmp_3, 1

]]></Node>
<StgValue><ssdm name="tmp_8"/></StgValue>
</operation>

<operation id="26" st_id="2" stage="1" lat="1">
<core>NULL</core>
<MemPortIdVec></MemPortIdVec>
<condition id="3">
<or_exp><and_exp><literal name="tmp" val="0"/>
</and_exp></or_exp>
</condition>

<Node id="27" bw="32" op_0_bw="6">
<![CDATA[
:5  %tmp_8_cast = zext i6 %tmp_8 to i32

]]></Node>
<StgValue><ssdm name="tmp_8_cast"/></StgValue>
</operation>

<operation id="27" st_id="2" stage="1" lat="1">
<core>NULL</core>
<MemPortIdVec></MemPortIdVec>
<condition id="3">
<or_exp><and_exp><literal name="tmp" val="0"/>
</and_exp></or_exp>
</condition>

<Node id="28" bw="6" op_0_bw="8" op_1_bw="32" op_2_bw="32">
<![CDATA[
:6  %data_transform_addr_1 = getelementptr [64 x i8]* %data_transform, i32 0, i32 %tmp_8_cast

]]></Node>
<StgValue><ssdm name="data_transform_addr_1"/></StgValue>
</operation>

<operation id="28" st_id="2" stage="2" lat="2">
<core>RAM</core>
<MemPortIdVec></MemPortIdVec>
<condition id="3">
<or_exp><and_exp><literal name="tmp" val="0"/>
</and_exp></or_exp>
</condition>

<Node id="29" bw="8" op_0_bw="6">
<![CDATA[
:7  %data_transform_load_1 = load i8* %data_transform_addr_1, align 1

]]></Node>
<StgValue><ssdm name="data_transform_load_1"/></StgValue>
</operation>

<operation id="29" st_id="2" stage="1" lat="1">
<core>AddSub</core>
<MemPortIdVec></MemPortIdVec>
<condition id="3">
<or_exp><and_exp><literal name="tmp" val="0"/>
</and_exp></or_exp>
</condition>

<Node id="41" bw="7" op_0_bw="7" op_1_bw="7">
<![CDATA[
:19  %j_1 = add i7 4, %j

]]></Node>
<StgValue><ssdm name="j_1"/></StgValue>
</operation>

<operation id="30" st_id="2" stage="1" lat="1">
<core>NULL</core>
<MemPortIdVec></MemPortIdVec>
<condition id="5">
<or_exp><and_exp><literal name="tmp" val="1"/>
</and_exp></or_exp>
</condition>

<Node id="44" bw="0" op_0_bw="0">
<![CDATA[
.preheader.preheader:0  br label %.preheader

]]></Node>
<StgValue><ssdm name=""/></StgValue>
</operation>
</state>

<state id="3" st_id="3">

<operation id="31" st_id="3" stage="1" lat="2">
<core>RAM</core>
<MemPortIdVec></MemPortIdVec>
<condition id="6">
<or_exp><and_exp></and_exp></or_exp>
</condition>

<Node id="24" bw="8" op_0_bw="6">
<![CDATA[
:2  %data_transform_load = load i8* %data_transform_addr, align 1

]]></Node>
<StgValue><ssdm name="data_transform_load"/></StgValue>
</operation>

<operation id="32" st_id="3" stage="1" lat="2">
<core>RAM</core>
<MemPortIdVec></MemPortIdVec>
<condition id="6">
<or_exp><and_exp></and_exp></or_exp>
</condition>

<Node id="29" bw="8" op_0_bw="6">
<![CDATA[
:7  %data_transform_load_1 = load i8* %data_transform_addr_1, align 1

]]></Node>
<StgValue><ssdm name="data_transform_load_1"/></StgValue>
</operation>

<operation id="33" st_id="3" stage="1" lat="1">
<core>NULL</core>
<MemPortIdVec></MemPortIdVec>
<condition id="6">
<or_exp><and_exp></and_exp></or_exp>
</condition>

<Node id="30" bw="6" op_0_bw="6" op_1_bw="6">
<![CDATA[
:8  %tmp_1 = or i6 %tmp_3, 2

]]></Node>
<StgValue><ssdm name="tmp_1"/></StgValue>
</operation>

<operation id="34" st_id="3" stage="1" lat="1">
<core>NULL</core>
<MemPortIdVec></MemPortIdVec>
<condition id="6">
<or_exp><and_exp></and_exp></or_exp>
</condition>

<Node id="31" bw="32" op_0_bw="6">
<![CDATA[
:9  %tmp_1_cast = zext i6 %tmp_1 to i32

]]></Node>
<StgValue><ssdm name="tmp_1_cast"/></StgValue>
</operation>

<operation id="35" st_id="3" stage="1" lat="1">
<core>NULL</core>
<MemPortIdVec></MemPortIdVec>
<condition id="6">
<or_exp><and_exp></and_exp></or_exp>
</condition>

<Node id="32" bw="6" op_0_bw="8" op_1_bw="32" op_2_bw="32">
<![CDATA[
:10  %data_transform_addr_2 = getelementptr [64 x i8]* %data_transform, i32 0, i32 %tmp_1_cast

]]></Node>
<StgValue><ssdm name="data_transform_addr_2"/></StgValue>
</operation>

<operation id="36" st_id="3" stage="2" lat="2">
<core>RAM</core>
<MemPortIdVec></MemPortIdVec>
<condition id="6">
<or_exp><and_exp></and_exp></or_exp>
</condition>

<Node id="33" bw="8" op_0_bw="6">
<![CDATA[
:11  %data_transform_load_2 = load i8* %data_transform_addr_2, align 1

]]></Node>
<StgValue><ssdm name="data_transform_load_2"/></StgValue>
</operation>

<operation id="37" st_id="3" stage="1" lat="1">
<core>NULL</core>
<MemPortIdVec></MemPortIdVec>
<condition id="6">
<or_exp><and_exp></and_exp></or_exp>
</condition>

<Node id="34" bw="6" op_0_bw="6" op_1_bw="6">
<![CDATA[
:12  %tmp_4 = or i6 %tmp_3, 3

]]></Node>
<StgValue><ssdm name="tmp_4"/></StgValue>
</operation>

<operation id="38" st_id="3" stage="1" lat="1">
<core>NULL</core>
<MemPortIdVec></MemPortIdVec>
<condition id="6">
<or_exp><and_exp></and_exp></or_exp>
</condition>

<Node id="35" bw="32" op_0_bw="6">
<![CDATA[
:13  %tmp_4_cast = zext i6 %tmp_4 to i32

]]></Node>
<StgValue><ssdm name="tmp_4_cast"/></StgValue>
</operation>

<operation id="39" st_id="3" stage="1" lat="1">
<core>NULL</core>
<MemPortIdVec></MemPortIdVec>
<condition id="6">
<or_exp><and_exp></and_exp></or_exp>
</condition>

<Node id="36" bw="6" op_0_bw="8" op_1_bw="32" op_2_bw="32">
<![CDATA[
:14  %data_transform_addr_3 = getelementptr [64 x i8]* %data_transform, i32 0, i32 %tmp_4_cast

]]></Node>
<StgValue><ssdm name="data_transform_addr_3"/></StgValue>
</operation>

<operation id="40" st_id="3" stage="2" lat="2">
<core>RAM</core>
<MemPortIdVec></MemPortIdVec>
<condition id="6">
<or_exp><and_exp></and_exp></or_exp>
</condition>

<Node id="37" bw="8" op_0_bw="6">
<![CDATA[
:15  %data_transform_load_3 = load i8* %data_transform_addr_3, align 1

]]></Node>
<StgValue><ssdm name="data_transform_load_3"/></StgValue>
</operation>
</state>

<state id="4" st_id="4">

<operation id="41" st_id="4" stage="1" lat="2">
<core>RAM</core>
<MemPortIdVec></MemPortIdVec>
<condition id="7">
<or_exp><and_exp></and_exp></or_exp>
</condition>

<Node id="33" bw="8" op_0_bw="6">
<![CDATA[
:11  %data_transform_load_2 = load i8* %data_transform_addr_2, align 1

]]></Node>
<StgValue><ssdm name="data_transform_load_2"/></StgValue>
</operation>

<operation id="42" st_id="4" stage="1" lat="2">
<core>RAM</core>
<MemPortIdVec></MemPortIdVec>
<condition id="7">
<or_exp><and_exp></and_exp></or_exp>
</condition>

<Node id="37" bw="8" op_0_bw="6">
<![CDATA[
:15  %data_transform_load_3 = load i8* %data_transform_addr_3, align 1

]]></Node>
<StgValue><ssdm name="data_transform_load_3"/></StgValue>
</operation>

<operation id="43" st_id="4" stage="1" lat="1">
<core>NULL</core>
<MemPortIdVec></MemPortIdVec>
<condition id="7">
<or_exp><and_exp></and_exp></or_exp>
</condition>

<Node id="38" bw="32" op_0_bw="32" op_1_bw="8" op_2_bw="8" op_3_bw="8" op_4_bw="8">
<![CDATA[
:16  %tmp_7 = call i32 @_ssdm_op_BitConcatenate.i32.i8.i8.i8.i8(i8 %data_transform_load, i8 %data_transform_load_1, i8 %data_transform_load_2, i8 %data_transform_load_3)

]]></Node>
<StgValue><ssdm name="tmp_7"/></StgValue>
</operation>

<operation id="44" st_id="4" stage="1" lat="1">
<core>NULL</core>
<MemPortIdVec></MemPortIdVec>
<condition id="7">
<or_exp><and_exp></and_exp></or_exp>
</condition>

<Node id="39" bw="6" op_0_bw="32" op_1_bw="32" op_2_bw="32">
<![CDATA[
:17  %m_addr = getelementptr inbounds [64 x i32]* %m, i32 0, i32 %i_cast

]]></Node>
<StgValue><ssdm name="m_addr"/></StgValue>
</operation>

<operation id="45" st_id="4" stage="1" lat="1">
<core>RAM</core>
<MemPortIdVec></MemPortIdVec>
<condition id="7">
<or_exp><and_exp></and_exp></or_exp>
</condition>

<Node id="40" bw="0" op_0_bw="32" op_1_bw="6">
<![CDATA[
:18  store i32 %tmp_7, i32* %m_addr, align 4

]]></Node>
<StgValue><ssdm name=""/></StgValue>
</operation>

<operation id="46" st_id="4" stage="1" lat="1">
<core>NULL</core>
<MemPortIdVec></MemPortIdVec>
<condition id="7">
<or_exp><and_exp></and_exp></or_exp>
</condition>

<Node id="42" bw="0" op_0_bw="0">
<![CDATA[
:20  br label %1

]]></Node>
<StgValue><ssdm name=""/></StgValue>
</operation>
</state>

<state id="5" st_id="5">

<operation id="47" st_id="5" stage="1" lat="1">
<core>NULL</core>
<MemPortIdVec></MemPortIdVec>
<condition id="8">
<or_exp><and_exp></and_exp></or_exp>
</condition>

<Node id="46" bw="7" op_0_bw="7" op_1_bw="0">
<![CDATA[
.preheader:0  %i_1 = phi i7 [ %i_3, %3 ], [ 16, %.preheader.preheader ]

]]></Node>
<StgValue><ssdm name="i_1"/></StgValue>
</operation>

<operation id="48" st_id="5" stage="1" lat="1">
<core>NULL</core>
<MemPortIdVec></MemPortIdVec>
<condition id="8">
<or_exp><and_exp></and_exp></or_exp>
</condition>

<Node id="47" bw="32" op_0_bw="7">
<![CDATA[
.preheader:1  %i_1_cast = zext i7 %i_1 to i32

]]></Node>
<StgValue><ssdm name="i_1_cast"/></StgValue>
</operation>

<operation id="49" st_id="5" stage="1" lat="1">
<core>Cmp</core>
<MemPortIdVec></MemPortIdVec>
<condition id="8">
<or_exp><and_exp></and_exp></or_exp>
</condition>

<Node id="48" bw="1" op_0_bw="7" op_1_bw="7">
<![CDATA[
.preheader:2  %exitcond = icmp eq i7 %i_1, -64

]]></Node>
<StgValue><ssdm name="exitcond"/></StgValue>
</operation>

<operation id="50" st_id="5" stage="1" lat="1">
<core>NULL</core>
<MemPortIdVec></MemPortIdVec>
<condition id="8">
<or_exp><and_exp></and_exp></or_exp>
</condition>

<Node id="49" bw="32" op_0_bw="32" op_1_bw="64" op_2_bw="64" op_3_bw="64">
<![CDATA[
.preheader:3  %empty_9 = call i32 (...)* @_ssdm_op_SpecLoopTripCount(i64 48, i64 48, i64 48)

]]></Node>
<StgValue><ssdm name="empty_9"/></StgValue>
</operation>

<operation id="51" st_id="5" stage="1" lat="1">
<core>NULL</core>
<MemPortIdVec></MemPortIdVec>
<condition id="8">
<or_exp><and_exp></and_exp></or_exp>
</condition>

<Node id="50" bw="0" op_0_bw="1" op_1_bw="0" op_2_bw="0">
<![CDATA[
.preheader:4  br i1 %exitcond, label %4, label %3

]]></Node>
<StgValue><ssdm name=""/></StgValue>
</operation>

<operation id="52" st_id="5" stage="1" lat="1">
<core>AddSub</core>
<MemPortIdVec></MemPortIdVec>
<condition id="10">
<or_exp><and_exp><literal name="exitcond" val="0"/>
</and_exp></or_exp>
</condition>

<Node id="52" bw="7" op_0_bw="7" op_1_bw="7">
<![CDATA[
:0  %tmp_s = add i7 -2, %i_1

]]></Node>
<StgValue><ssdm name="tmp_s"/></StgValue>
</operation>

<operation id="53" st_id="5" stage="1" lat="1">
<core>NULL</core>
<MemPortIdVec></MemPortIdVec>
<condition id="10">
<or_exp><and_exp><literal name="exitcond" val="0"/>
</and_exp></or_exp>
</condition>

<Node id="53" bw="32" op_0_bw="7">
<![CDATA[
:1  %tmp_14_cast = zext i7 %tmp_s to i32

]]></Node>
<StgValue><ssdm name="tmp_14_cast"/></StgValue>
</operation>

<operation id="54" st_id="5" stage="1" lat="1">
<core>NULL</core>
<MemPortIdVec></MemPortIdVec>
<condition id="10">
<or_exp><and_exp><literal name="exitcond" val="0"/>
</and_exp></or_exp>
</condition>

<Node id="54" bw="6" op_0_bw="32" op_1_bw="32" op_2_bw="32">
<![CDATA[
:2  %m_addr_1 = getelementptr inbounds [64 x i32]* %m, i32 0, i32 %tmp_14_cast

]]></Node>
<StgValue><ssdm name="m_addr_1"/></StgValue>
</operation>

<operation id="55" st_id="5" stage="2" lat="2">
<core>RAM</core>
<MemPortIdVec></MemPortIdVec>
<condition id="10">
<or_exp><and_exp><literal name="exitcond" val="0"/>
</and_exp></or_exp>
</condition>

<Node id="55" bw="32" op_0_bw="6">
<![CDATA[
:3  %m_load = load i32* %m_addr_1, align 4

]]></Node>
<StgValue><ssdm name="m_load"/></StgValue>
</operation>

<operation id="56" st_id="5" stage="1" lat="1">
<core>AddSub</core>
<MemPortIdVec></MemPortIdVec>
<condition id="10">
<or_exp><and_exp><literal name="exitcond" val="0"/>
</and_exp></or_exp>
</condition>

<Node id="66" bw="7" op_0_bw="7" op_1_bw="7">
<![CDATA[
:14  %tmp_15 = add i7 -7, %i_1

]]></Node>
<StgValue><ssdm name="tmp_15"/></StgValue>
</operation>

<operation id="57" st_id="5" stage="1" lat="1">
<core>NULL</core>
<MemPortIdVec></MemPortIdVec>
<condition id="10">
<or_exp><and_exp><literal name="exitcond" val="0"/>
</and_exp></or_exp>
</condition>

<Node id="67" bw="32" op_0_bw="7">
<![CDATA[
:15  %tmp_24_cast = zext i7 %tmp_15 to i32

]]></Node>
<StgValue><ssdm name="tmp_24_cast"/></StgValue>
</operation>

<operation id="58" st_id="5" stage="1" lat="1">
<core>NULL</core>
<MemPortIdVec></MemPortIdVec>
<condition id="10">
<or_exp><and_exp><literal name="exitcond" val="0"/>
</and_exp></or_exp>
</condition>

<Node id="68" bw="6" op_0_bw="32" op_1_bw="32" op_2_bw="32">
<![CDATA[
:16  %m_addr_2 = getelementptr inbounds [64 x i32]* %m, i32 0, i32 %tmp_24_cast

]]></Node>
<StgValue><ssdm name="m_addr_2"/></StgValue>
</operation>

<operation id="59" st_id="5" stage="2" lat="2">
<core>RAM</core>
<MemPortIdVec></MemPortIdVec>
<condition id="10">
<or_exp><and_exp><literal name="exitcond" val="0"/>
</and_exp></or_exp>
</condition>

<Node id="69" bw="32" op_0_bw="6">
<![CDATA[
:17  %m_load_1 = load i32* %m_addr_2, align 4

]]></Node>
<StgValue><ssdm name="m_load_1"/></StgValue>
</operation>

<operation id="60" st_id="5" stage="1" lat="1">
<core>NULL</core>
<MemPortIdVec></MemPortIdVec>
<condition id="12">
<or_exp><and_exp><literal name="exitcond" val="1"/>
</and_exp></or_exp>
</condition>

<Node id="96" bw="32" op_0_bw="32">
<![CDATA[
:0  %a = load i32* @ctx_state_0, align 16

]]></Node>
<StgValue><ssdm name="a"/></StgValue>
</operation>

<operation id="61" st_id="5" stage="1" lat="1">
<core>NULL</core>
<MemPortIdVec></MemPortIdVec>
<condition id="12">
<or_exp><and_exp><literal name="exitcond" val="1"/>
</and_exp></or_exp>
</condition>

<Node id="97" bw="32" op_0_bw="32">
<![CDATA[
:1  %b = load i32* @ctx_state_1, align 4

]]></Node>
<StgValue><ssdm name="b"/></StgValue>
</operation>

<operation id="62" st_id="5" stage="1" lat="1">
<core>NULL</core>
<MemPortIdVec></MemPortIdVec>
<condition id="12">
<or_exp><and_exp><literal name="exitcond" val="1"/>
</and_exp></or_exp>
</condition>

<Node id="98" bw="32" op_0_bw="32">
<![CDATA[
:2  %c = load i32* @ctx_state_2, align 8

]]></Node>
<StgValue><ssdm name="c"/></StgValue>
</operation>

<operation id="63" st_id="5" stage="1" lat="1">
<core>NULL</core>
<MemPortIdVec></MemPortIdVec>
<condition id="12">
<or_exp><and_exp><literal name="exitcond" val="1"/>
</and_exp></or_exp>
</condition>

<Node id="99" bw="32" op_0_bw="32">
<![CDATA[
:3  %d = load i32* @ctx_state_3, align 4

]]></Node>
<StgValue><ssdm name="d"/></StgValue>
</operation>

<operation id="64" st_id="5" stage="1" lat="1">
<core>NULL</core>
<MemPortIdVec></MemPortIdVec>
<condition id="12">
<or_exp><and_exp><literal name="exitcond" val="1"/>
</and_exp></or_exp>
</condition>

<Node id="100" bw="32" op_0_bw="32">
<![CDATA[
:4  %e = load i32* @ctx_state_4, align 16

]]></Node>
<StgValue><ssdm name="e"/></StgValue>
</operation>

<operation id="65" st_id="5" stage="1" lat="1">
<core>NULL</core>
<MemPortIdVec></MemPortIdVec>
<condition id="12">
<or_exp><and_exp><literal name="exitcond" val="1"/>
</and_exp></or_exp>
</condition>

<Node id="101" bw="32" op_0_bw="32">
<![CDATA[
:5  %f = load i32* @ctx_state_5, align 4

]]></Node>
<StgValue><ssdm name="f"/></StgValue>
</operation>

<operation id="66" st_id="5" stage="1" lat="1">
<core>NULL</core>
<MemPortIdVec></MemPortIdVec>
<condition id="12">
<or_exp><and_exp><literal name="exitcond" val="1"/>
</and_exp></or_exp>
</condition>

<Node id="102" bw="32" op_0_bw="32">
<![CDATA[
:6  %g = load i32* @ctx_state_6, align 8

]]></Node>
<StgValue><ssdm name="g"/></StgValue>
</operation>

<operation id="67" st_id="5" stage="1" lat="1">
<core>NULL</core>
<MemPortIdVec></MemPortIdVec>
<condition id="12">
<or_exp><and_exp><literal name="exitcond" val="1"/>
</and_exp></or_exp>
</condition>

<Node id="103" bw="32" op_0_bw="32">
<![CDATA[
:7  %h = load i32* @ctx_state_7, align 4

]]></Node>
<StgValue><ssdm name="h"/></StgValue>
</operation>

<operation id="68" st_id="5" stage="1" lat="1">
<core>NULL</core>
<MemPortIdVec></MemPortIdVec>
<condition id="12">
<or_exp><and_exp><literal name="exitcond" val="1"/>
</and_exp></or_exp>
</condition>

<Node id="104" bw="0" op_0_bw="0">
<![CDATA[
:8  br label %5

]]></Node>
<StgValue><ssdm name=""/></StgValue>
</operation>
</state>

<state id="6" st_id="6">

<operation id="69" st_id="6" stage="1" lat="2">
<core>RAM</core>
<MemPortIdVec></MemPortIdVec>
<condition id="13">
<or_exp><and_exp></and_exp></or_exp>
</condition>

<Node id="55" bw="32" op_0_bw="6">
<![CDATA[
:3  %m_load = load i32* %m_addr_1, align 4

]]></Node>
<StgValue><ssdm name="m_load"/></StgValue>
</operation>

<operation id="70" st_id="6" stage="1" lat="2">
<core>RAM</core>
<MemPortIdVec></MemPortIdVec>
<condition id="13">
<or_exp><and_exp></and_exp></or_exp>
</condition>

<Node id="69" bw="32" op_0_bw="6">
<![CDATA[
:17  %m_load_1 = load i32* %m_addr_2, align 4

]]></Node>
<StgValue><ssdm name="m_load_1"/></StgValue>
</operation>

<operation id="71" st_id="6" stage="1" lat="1">
<core>AddSub</core>
<MemPortIdVec></MemPortIdVec>
<condition id="13">
<or_exp><and_exp></and_exp></or_exp>
</condition>

<Node id="70" bw="7" op_0_bw="7" op_1_bw="7">
<![CDATA[
:18  %tmp_16 = add i7 -15, %i_1

]]></Node>
<StgValue><ssdm name="tmp_16"/></StgValue>
</operation>

<operation id="72" st_id="6" stage="1" lat="1">
<core>NULL</core>
<MemPortIdVec></MemPortIdVec>
<condition id="13">
<or_exp><and_exp></and_exp></or_exp>
</condition>

<Node id="71" bw="32" op_0_bw="7">
<![CDATA[
:19  %tmp_25_cast = zext i7 %tmp_16 to i32

]]></Node>
<StgValue><ssdm name="tmp_25_cast"/></StgValue>
</operation>

<operation id="73" st_id="6" stage="1" lat="1">
<core>NULL</core>
<MemPortIdVec></MemPortIdVec>
<condition id="13">
<or_exp><and_exp></and_exp></or_exp>
</condition>

<Node id="72" bw="6" op_0_bw="32" op_1_bw="32" op_2_bw="32">
<![CDATA[
:20  %m_addr_3 = getelementptr inbounds [64 x i32]* %m, i32 0, i32 %tmp_25_cast

]]></Node>
<StgValue><ssdm name="m_addr_3"/></StgValue>
</operation>

<operation id="74" st_id="6" stage="2" lat="2">
<core>RAM</core>
<MemPortIdVec></MemPortIdVec>
<condition id="13">
<or_exp><and_exp></and_exp></or_exp>
</condition>

<Node id="73" bw="32" op_0_bw="6">
<![CDATA[
:21  %m_load_2 = load i32* %m_addr_3, align 4

]]></Node>
<StgValue><ssdm name="m_load_2"/></StgValue>
</operation>

<operation id="75" st_id="6" stage="1" lat="1">
<core>AddSub</core>
<MemPortIdVec></MemPortIdVec>
<condition id="13">
<or_exp><and_exp></and_exp></or_exp>
</condition>

<Node id="84" bw="7" op_0_bw="7" op_1_bw="7">
<![CDATA[
:32  %tmp_26 = add i7 -16, %i_1

]]></Node>
<StgValue><ssdm name="tmp_26"/></StgValue>
</operation>

<operation id="76" st_id="6" stage="1" lat="1">
<core>NULL</core>
<MemPortIdVec></MemPortIdVec>
<condition id="13">
<or_exp><and_exp></and_exp></or_exp>
</condition>

<Node id="85" bw="32" op_0_bw="7">
<![CDATA[
:33  %tmp_35_cast = zext i7 %tmp_26 to i32

]]></Node>
<StgValue><ssdm name="tmp_35_cast"/></StgValue>
</operation>

<operation id="77" st_id="6" stage="1" lat="1">
<core>NULL</core>
<MemPortIdVec></MemPortIdVec>
<condition id="13">
<or_exp><and_exp></and_exp></or_exp>
</condition>

<Node id="86" bw="6" op_0_bw="32" op_1_bw="32" op_2_bw="32">
<![CDATA[
:34  %m_addr_4 = getelementptr inbounds [64 x i32]* %m, i32 0, i32 %tmp_35_cast

]]></Node>
<StgValue><ssdm name="m_addr_4"/></StgValue>
</operation>

<operation id="78" st_id="6" stage="2" lat="2">
<core>RAM</core>
<MemPortIdVec></MemPortIdVec>
<condition id="13">
<or_exp><and_exp></and_exp></or_exp>
</condition>

<Node id="87" bw="32" op_0_bw="6">
<![CDATA[
:35  %m_load_3 = load i32* %m_addr_4, align 4

]]></Node>
<StgValue><ssdm name="m_load_3"/></StgValue>
</operation>

<operation id="79" st_id="6" stage="1" lat="1">
<core>AddSub</core>
<MemPortIdVec></MemPortIdVec>
<condition id="13">
<or_exp><and_exp></and_exp></or_exp>
</condition>

<Node id="93" bw="7" op_0_bw="7" op_1_bw="7">
<![CDATA[
:41  %i_3 = add i7 1, %i_1

]]></Node>
<StgValue><ssdm name="i_3"/></StgValue>
</operation>
</state>

<state id="7" st_id="7">

<operation id="80" st_id="7" stage="1" lat="1">
<core>NULL</core>
<MemPortIdVec></MemPortIdVec>
<condition id="14">
<or_exp><and_exp></and_exp></or_exp>
</condition>

<Node id="56" bw="15" op_0_bw="15" op_1_bw="32" op_2_bw="32" op_3_bw="32">
<![CDATA[
:4  %tmp_2 = call i15 @_ssdm_op_PartSelect.i15.i32.i32.i32(i32 %m_load, i32 17, i32 31)

]]></Node>
<StgValue><ssdm name="tmp_2"/></StgValue>
</operation>

<operation id="81" st_id="7" stage="1" lat="1">
<core>NULL</core>
<MemPortIdVec></MemPortIdVec>
<condition id="14">
<or_exp><and_exp></and_exp></or_exp>
</condition>

<Node id="57" bw="17" op_0_bw="32">
<![CDATA[
:5  %tmp_10 = trunc i32 %m_load to i17

]]></Node>
<StgValue><ssdm name="tmp_10"/></StgValue>
</operation>

<operation id="82" st_id="7" stage="1" lat="1">
<core>NULL</core>
<MemPortIdVec></MemPortIdVec>
<condition id="14">
<or_exp><and_exp></and_exp></or_exp>
</condition>

<Node id="58" bw="32" op_0_bw="32" op_1_bw="17" op_2_bw="15">
<![CDATA[
:6  %tmp_5 = call i32 @_ssdm_op_BitConcatenate.i32.i17.i15(i17 %tmp_10, i15 %tmp_2)

]]></Node>
<StgValue><ssdm name="tmp_5"/></StgValue>
</operation>

<operation id="83" st_id="7" stage="1" lat="1">
<core>NULL</core>
<MemPortIdVec></MemPortIdVec>
<condition id="14">
<or_exp><and_exp></and_exp></or_exp>
</condition>

<Node id="59" bw="13" op_0_bw="13" op_1_bw="32" op_2_bw="32" op_3_bw="32">
<![CDATA[
:7  %tmp_6 = call i13 @_ssdm_op_PartSelect.i13.i32.i32.i32(i32 %m_load, i32 19, i32 31)

]]></Node>
<StgValue><ssdm name="tmp_6"/></StgValue>
</operation>

<operation id="84" st_id="7" stage="1" lat="1">
<core>NULL</core>
<MemPortIdVec></MemPortIdVec>
<condition id="14">
<or_exp><and_exp></and_exp></or_exp>
</condition>

<Node id="60" bw="19" op_0_bw="32">
<![CDATA[
:8  %tmp_18 = trunc i32 %m_load to i19

]]></Node>
<StgValue><ssdm name="tmp_18"/></StgValue>
</operation>

<operation id="85" st_id="7" stage="1" lat="1">
<core>NULL</core>
<MemPortIdVec></MemPortIdVec>
<condition id="14">
<or_exp><and_exp></and_exp></or_exp>
</condition>

<Node id="61" bw="32" op_0_bw="32" op_1_bw="19" op_2_bw="13">
<![CDATA[
:9  %tmp_11 = call i32 @_ssdm_op_BitConcatenate.i32.i19.i13(i19 %tmp_18, i13 %tmp_6)

]]></Node>
<StgValue><ssdm name="tmp_11"/></StgValue>
</operation>

<operation id="86" st_id="7" stage="1" lat="1">
<core>NULL</core>
<MemPortIdVec></MemPortIdVec>
<condition id="14">
<or_exp><and_exp></and_exp></or_exp>
</condition>

<Node id="62" bw="22" op_0_bw="22" op_1_bw="32" op_2_bw="32" op_3_bw="32">
<![CDATA[
:10  %tmp_12 = call i22 @_ssdm_op_PartSelect.i22.i32.i32.i32(i32 %m_load, i32 10, i32 31)

]]></Node>
<StgValue><ssdm name="tmp_12"/></StgValue>
</operation>

<operation id="87" st_id="7" stage="1" lat="1">
<core>NULL</core>
<MemPortIdVec></MemPortIdVec>
<condition id="14">
<or_exp><and_exp></and_exp></or_exp>
</condition>

<Node id="63" bw="32" op_0_bw="22">
<![CDATA[
:11  %tmp_13 = zext i22 %tmp_12 to i32

]]></Node>
<StgValue><ssdm name="tmp_13"/></StgValue>
</operation>

<operation id="88" st_id="7" stage="1" lat="1">
<core>LogicGate</core>
<MemPortIdVec></MemPortIdVec>
<condition id="14">
<or_exp><and_exp></and_exp></or_exp>
</condition>

<Node id="64" bw="32" op_0_bw="32" op_1_bw="32">
<![CDATA[
:12  %tmp2 = xor i32 %tmp_13, %tmp_11

]]></Node>
<StgValue><ssdm name="tmp2"/></StgValue>
</operation>

<operation id="89" st_id="7" stage="1" lat="1">
<core>LogicGate</core>
<MemPortIdVec></MemPortIdVec>
<condition id="14">
<or_exp><and_exp></and_exp></or_exp>
</condition>

<Node id="65" bw="32" op_0_bw="32" op_1_bw="32">
<![CDATA[
:13  %tmp_14 = xor i32 %tmp2, %tmp_5

]]></Node>
<StgValue><ssdm name="tmp_14"/></StgValue>
</operation>

<operation id="90" st_id="7" stage="1" lat="2">
<core>RAM</core>
<MemPortIdVec></MemPortIdVec>
<condition id="14">
<or_exp><and_exp></and_exp></or_exp>
</condition>

<Node id="73" bw="32" op_0_bw="6">
<![CDATA[
:21  %m_load_2 = load i32* %m_addr_3, align 4

]]></Node>
<StgValue><ssdm name="m_load_2"/></StgValue>
</operation>

<operation id="91" st_id="7" stage="1" lat="1">
<core>NULL</core>
<MemPortIdVec></MemPortIdVec>
<condition id="14">
<or_exp><and_exp></and_exp></or_exp>
</condition>

<Node id="74" bw="25" op_0_bw="25" op_1_bw="32" op_2_bw="32" op_3_bw="32">
<![CDATA[
:22  %tmp_17 = call i25 @_ssdm_op_PartSelect.i25.i32.i32.i32(i32 %m_load_2, i32 7, i32 31)

]]></Node>
<StgValue><ssdm name="tmp_17"/></StgValue>
</operation>

<operation id="92" st_id="7" stage="1" lat="1">
<core>NULL</core>
<MemPortIdVec></MemPortIdVec>
<condition id="14">
<or_exp><and_exp></and_exp></or_exp>
</condition>

<Node id="75" bw="7" op_0_bw="32">
<![CDATA[
:23  %tmp_21 = trunc i32 %m_load_2 to i7

]]></Node>
<StgValue><ssdm name="tmp_21"/></StgValue>
</operation>

<operation id="93" st_id="7" stage="1" lat="1">
<core>NULL</core>
<MemPortIdVec></MemPortIdVec>
<condition id="14">
<or_exp><and_exp></and_exp></or_exp>
</condition>

<Node id="76" bw="32" op_0_bw="32" op_1_bw="7" op_2_bw="25">
<![CDATA[
:24  %tmp_19 = call i32 @_ssdm_op_BitConcatenate.i32.i7.i25(i7 %tmp_21, i25 %tmp_17)

]]></Node>
<StgValue><ssdm name="tmp_19"/></StgValue>
</operation>

<operation id="94" st_id="7" stage="1" lat="1">
<core>NULL</core>
<MemPortIdVec></MemPortIdVec>
<condition id="14">
<or_exp><and_exp></and_exp></or_exp>
</condition>

<Node id="77" bw="14" op_0_bw="14" op_1_bw="32" op_2_bw="32" op_3_bw="32">
<![CDATA[
:25  %tmp_20 = call i14 @_ssdm_op_PartSelect.i14.i32.i32.i32(i32 %m_load_2, i32 18, i32 31)

]]></Node>
<StgValue><ssdm name="tmp_20"/></StgValue>
</operation>

<operation id="95" st_id="7" stage="1" lat="1">
<core>NULL</core>
<MemPortIdVec></MemPortIdVec>
<condition id="14">
<or_exp><and_exp></and_exp></or_exp>
</condition>

<Node id="78" bw="18" op_0_bw="32">
<![CDATA[
:26  %tmp_38 = trunc i32 %m_load_2 to i18

]]></Node>
<StgValue><ssdm name="tmp_38"/></StgValue>
</operation>

<operation id="96" st_id="7" stage="1" lat="1">
<core>NULL</core>
<MemPortIdVec></MemPortIdVec>
<condition id="14">
<or_exp><and_exp></and_exp></or_exp>
</condition>

<Node id="79" bw="32" op_0_bw="32" op_1_bw="18" op_2_bw="14">
<![CDATA[
:27  %tmp_22 = call i32 @_ssdm_op_BitConcatenate.i32.i18.i14(i18 %tmp_38, i14 %tmp_20)

]]></Node>
<StgValue><ssdm name="tmp_22"/></StgValue>
</operation>

<operation id="97" st_id="7" stage="1" lat="1">
<core>NULL</core>
<MemPortIdVec></MemPortIdVec>
<condition id="14">
<or_exp><and_exp></and_exp></or_exp>
</condition>

<Node id="80" bw="29" op_0_bw="29" op_1_bw="32" op_2_bw="32" op_3_bw="32">
<![CDATA[
:28  %tmp_23 = call i29 @_ssdm_op_PartSelect.i29.i32.i32.i32(i32 %m_load_2, i32 3, i32 31)

]]></Node>
<StgValue><ssdm name="tmp_23"/></StgValue>
</operation>

<operation id="98" st_id="7" stage="1" lat="1">
<core>NULL</core>
<MemPortIdVec></MemPortIdVec>
<condition id="14">
<or_exp><and_exp></and_exp></or_exp>
</condition>

<Node id="81" bw="32" op_0_bw="29">
<![CDATA[
:29  %tmp_24 = zext i29 %tmp_23 to i32

]]></Node>
<StgValue><ssdm name="tmp_24"/></StgValue>
</operation>

<operation id="99" st_id="7" stage="1" lat="1">
<core>LogicGate</core>
<MemPortIdVec></MemPortIdVec>
<condition id="14">
<or_exp><and_exp></and_exp></or_exp>
</condition>

<Node id="82" bw="32" op_0_bw="32" op_1_bw="32">
<![CDATA[
:30  %tmp3 = xor i32 %tmp_24, %tmp_22

]]></Node>
<StgValue><ssdm name="tmp3"/></StgValue>
</operation>

<operation id="100" st_id="7" stage="1" lat="1">
<core>LogicGate</core>
<MemPortIdVec></MemPortIdVec>
<condition id="14">
<or_exp><and_exp></and_exp></or_exp>
</condition>

<Node id="83" bw="32" op_0_bw="32" op_1_bw="32">
<![CDATA[
:31  %tmp_25 = xor i32 %tmp3, %tmp_19

]]></Node>
<StgValue><ssdm name="tmp_25"/></StgValue>
</operation>

<operation id="101" st_id="7" stage="1" lat="2">
<core>RAM</core>
<MemPortIdVec></MemPortIdVec>
<condition id="14">
<or_exp><and_exp></and_exp></or_exp>
</condition>

<Node id="87" bw="32" op_0_bw="6">
<![CDATA[
:35  %m_load_3 = load i32* %m_addr_4, align 4

]]></Node>
<StgValue><ssdm name="m_load_3"/></StgValue>
</operation>

<operation id="102" st_id="7" stage="1" lat="1">
<core>TAddSub</core>
<MemPortIdVec></MemPortIdVec>
<condition id="14">
<or_exp><and_exp></and_exp></or_exp>
</condition>

<Node id="88" bw="32" op_0_bw="32" op_1_bw="32">
<![CDATA[
:36  %tmp4 = add i32 %m_load_1, %m_load_3

]]></Node>
<StgValue><ssdm name="tmp4"/></StgValue>
</operation>

<operation id="103" st_id="7" stage="1" lat="1">
<core>AddSub</core>
<MemPortIdVec></MemPortIdVec>
<condition id="14">
<or_exp><and_exp></and_exp></or_exp>
</condition>

<Node id="89" bw="32" op_0_bw="32" op_1_bw="32">
<![CDATA[
:37  %tmp5 = add i32 %tmp_14, %tmp_25

]]></Node>
<StgValue><ssdm name="tmp5"/></StgValue>
</operation>

<operation id="104" st_id="7" stage="1" lat="1">
<core>TAddSub</core>
<MemPortIdVec></MemPortIdVec>
<condition id="14">
<or_exp><and_exp></and_exp></or_exp>
</condition>

<Node id="90" bw="32" op_0_bw="32" op_1_bw="32">
<![CDATA[
:38  %tmp_27 = add i32 %tmp5, %tmp4

]]></Node>
<StgValue><ssdm name="tmp_27"/></StgValue>
</operation>
</state>

<state id="8" st_id="8">

<operation id="105" st_id="8" stage="1" lat="1">
<core>NULL</core>
<MemPortIdVec></MemPortIdVec>
<condition id="15">
<or_exp><and_exp></and_exp></or_exp>
</condition>

<Node id="91" bw="6" op_0_bw="32" op_1_bw="32" op_2_bw="32">
<![CDATA[
:39  %m_addr_5 = getelementptr inbounds [64 x i32]* %m, i32 0, i32 %i_1_cast

]]></Node>
<StgValue><ssdm name="m_addr_5"/></StgValue>
</operation>

<operation id="106" st_id="8" stage="1" lat="1">
<core>RAM</core>
<MemPortIdVec></MemPortIdVec>
<condition id="15">
<or_exp><and_exp></and_exp></or_exp>
</condition>

<Node id="92" bw="0" op_0_bw="32" op_1_bw="6">
<![CDATA[
:40  store i32 %tmp_27, i32* %m_addr_5, align 4

]]></Node>
<StgValue><ssdm name=""/></StgValue>
</operation>

<operation id="107" st_id="8" stage="1" lat="1">
<core>NULL</core>
<MemPortIdVec></MemPortIdVec>
<condition id="15">
<or_exp><and_exp></and_exp></or_exp>
</condition>

<Node id="94" bw="0" op_0_bw="0">
<![CDATA[
:42  br label %.preheader

]]></Node>
<StgValue><ssdm name=""/></StgValue>
</operation>
</state>

<state id="9" st_id="9">

<operation id="108" st_id="9" stage="1" lat="1">
<core>NULL</core>
<MemPortIdVec></MemPortIdVec>
<condition id="16">
<or_exp><and_exp></and_exp></or_exp>
</condition>

<Node id="106" bw="32" op_0_bw="32" op_1_bw="0">
<![CDATA[
:0  %h1 = phi i32 [ %h, %4 ], [ %h_1, %6 ]

]]></Node>
<StgValue><ssdm name="h1"/></StgValue>
</operation>

<operation id="109" st_id="9" stage="1" lat="1">
<core>NULL</core>
<MemPortIdVec></MemPortIdVec>
<condition id="16">
<or_exp><and_exp></and_exp></or_exp>
</condition>

<Node id="107" bw="32" op_0_bw="32" op_1_bw="0">
<![CDATA[
:1  %h_1 = phi i32 [ %g, %4 ], [ %g_1, %6 ]

]]></Node>
<StgValue><ssdm name="h_1"/></StgValue>
</operation>

<operation id="110" st_id="9" stage="1" lat="1">
<core>NULL</core>
<MemPortIdVec></MemPortIdVec>
<condition id="16">
<or_exp><and_exp></and_exp></or_exp>
</condition>

<Node id="108" bw="32" op_0_bw="32" op_1_bw="0">
<![CDATA[
:2  %g_1 = phi i32 [ %f, %4 ], [ %f_1, %6 ]

]]></Node>
<StgValue><ssdm name="g_1"/></StgValue>
</operation>

<operation id="111" st_id="9" stage="1" lat="1">
<core>NULL</core>
<MemPortIdVec></MemPortIdVec>
<condition id="16">
<or_exp><and_exp></and_exp></or_exp>
</condition>

<Node id="109" bw="32" op_0_bw="32" op_1_bw="0">
<![CDATA[
:3  %f_1 = phi i32 [ %e, %4 ], [ %e_1, %6 ]

]]></Node>
<StgValue><ssdm name="f_1"/></StgValue>
</operation>

<operation id="112" st_id="9" stage="1" lat="1">
<core>NULL</core>
<MemPortIdVec></MemPortIdVec>
<condition id="16">
<or_exp><and_exp></and_exp></or_exp>
</condition>

<Node id="110" bw="32" op_0_bw="32" op_1_bw="0">
<![CDATA[
:4  %d1 = phi i32 [ %d, %4 ], [ %d_1, %6 ]

]]></Node>
<StgValue><ssdm name="d1"/></StgValue>
</operation>

<operation id="113" st_id="9" stage="1" lat="1">
<core>NULL</core>
<MemPortIdVec></MemPortIdVec>
<condition id="16">
<or_exp><and_exp></and_exp></or_exp>
</condition>

<Node id="111" bw="32" op_0_bw="32" op_1_bw="0">
<![CDATA[
:5  %d_1 = phi i32 [ %c, %4 ], [ %c_1, %6 ]

]]></Node>
<StgValue><ssdm name="d_1"/></StgValue>
</operation>

<operation id="114" st_id="9" stage="1" lat="1">
<core>NULL</core>
<MemPortIdVec></MemPortIdVec>
<condition id="16">
<or_exp><and_exp></and_exp></or_exp>
</condition>

<Node id="112" bw="32" op_0_bw="32" op_1_bw="0">
<![CDATA[
:6  %c_1 = phi i32 [ %b, %4 ], [ %b_1, %6 ]

]]></Node>
<StgValue><ssdm name="c_1"/></StgValue>
</operation>

<operation id="115" st_id="9" stage="1" lat="1">
<core>NULL</core>
<MemPortIdVec></MemPortIdVec>
<condition id="16">
<or_exp><and_exp></and_exp></or_exp>
</condition>

<Node id="113" bw="32" op_0_bw="32" op_1_bw="0">
<![CDATA[
:7  %b_1 = phi i32 [ %a, %4 ], [ %a_1, %6 ]

]]></Node>
<StgValue><ssdm name="b_1"/></StgValue>
</operation>

<operation id="116" st_id="9" stage="1" lat="1">
<core>NULL</core>
<MemPortIdVec></MemPortIdVec>
<condition id="16">
<or_exp><and_exp></and_exp></or_exp>
</condition>

<Node id="114" bw="7" op_0_bw="7" op_1_bw="0">
<![CDATA[
:8  %i_2 = phi i7 [ 0, %4 ], [ %i_4, %6 ]

]]></Node>
<StgValue><ssdm name="i_2"/></StgValue>
</operation>

<operation id="117" st_id="9" stage="1" lat="1">
<core>NULL</core>
<MemPortIdVec></MemPortIdVec>
<condition id="16">
<or_exp><and_exp></and_exp></or_exp>
</condition>

<Node id="115" bw="32" op_0_bw="7">
<![CDATA[
:9  %i_2_cast = zext i7 %i_2 to i32

]]></Node>
<StgValue><ssdm name="i_2_cast"/></StgValue>
</operation>

<operation id="118" st_id="9" stage="1" lat="1">
<core>Cmp</core>
<MemPortIdVec></MemPortIdVec>
<condition id="16">
<or_exp><and_exp></and_exp></or_exp>
</condition>

<Node id="116" bw="1" op_0_bw="7" op_1_bw="7">
<![CDATA[
:10  %tmp_28 = icmp eq i7 %i_2, -64

]]></Node>
<StgValue><ssdm name="tmp_28"/></StgValue>
</operation>

<operation id="119" st_id="9" stage="1" lat="1">
<core>NULL</core>
<MemPortIdVec></MemPortIdVec>
<condition id="16">
<or_exp><and_exp></and_exp></or_exp>
</condition>

<Node id="117" bw="32" op_0_bw="32" op_1_bw="64" op_2_bw="64" op_3_bw="64">
<![CDATA[
:11  %empty_10 = call i32 (...)* @_ssdm_op_SpecLoopTripCount(i64 64, i64 64, i64 64)

]]></Node>
<StgValue><ssdm name="empty_10"/></StgValue>
</operation>

<operation id="120" st_id="9" stage="1" lat="1">
<core>AddSub</core>
<MemPortIdVec></MemPortIdVec>
<condition id="16">
<or_exp><and_exp></and_exp></or_exp>
</condition>

<Node id="118" bw="7" op_0_bw="7" op_1_bw="7">
<![CDATA[
:12  %i_4 = add i7 %i_2, 1

]]></Node>
<StgValue><ssdm name="i_4"/></StgValue>
</operation>

<operation id="121" st_id="9" stage="1" lat="1">
<core>NULL</core>
<MemPortIdVec></MemPortIdVec>
<condition id="16">
<or_exp><and_exp></and_exp></or_exp>
</condition>

<Node id="119" bw="0" op_0_bw="1" op_1_bw="0" op_2_bw="0">
<![CDATA[
:13  br i1 %tmp_28, label %7, label %6

]]></Node>
<StgValue><ssdm name=""/></StgValue>
</operation>

<operation id="122" st_id="9" stage="1" lat="1">
<core>NULL</core>
<MemPortIdVec></MemPortIdVec>
<condition id="18">
<or_exp><and_exp><literal name="tmp_28" val="0"/>
</and_exp></or_exp>
</condition>

<Node id="121" bw="26" op_0_bw="26" op_1_bw="32" op_2_bw="32" op_3_bw="32">
<![CDATA[
:0  %tmp_37 = call i26 @_ssdm_op_PartSelect.i26.i32.i32.i32(i32 %f_1, i32 6, i32 31)

]]></Node>
<StgValue><ssdm name="tmp_37"/></StgValue>
</operation>

<operation id="123" st_id="9" stage="1" lat="1">
<core>NULL</core>
<MemPortIdVec></MemPortIdVec>
<condition id="18">
<or_exp><and_exp><literal name="tmp_28" val="0"/>
</and_exp></or_exp>
</condition>

<Node id="122" bw="6" op_0_bw="32">
<![CDATA[
:1  %tmp_41 = trunc i32 %f_1 to i6

]]></Node>
<StgValue><ssdm name="tmp_41"/></StgValue>
</operation>

<operation id="124" st_id="9" stage="1" lat="1">
<core>NULL</core>
<MemPortIdVec></MemPortIdVec>
<condition id="18">
<or_exp><and_exp><literal name="tmp_28" val="0"/>
</and_exp></or_exp>
</condition>

<Node id="123" bw="32" op_0_bw="32" op_1_bw="6" op_2_bw="26">
<![CDATA[
:2  %tmp_39 = call i32 @_ssdm_op_BitConcatenate.i32.i6.i26(i6 %tmp_41, i26 %tmp_37)

]]></Node>
<StgValue><ssdm name="tmp_39"/></StgValue>
</operation>

<operation id="125" st_id="9" stage="1" lat="1">
<core>NULL</core>
<MemPortIdVec></MemPortIdVec>
<condition id="18">
<or_exp><and_exp><literal name="tmp_28" val="0"/>
</and_exp></or_exp>
</condition>

<Node id="124" bw="21" op_0_bw="21" op_1_bw="32" op_2_bw="32" op_3_bw="32">
<![CDATA[
:3  %tmp_40 = call i21 @_ssdm_op_PartSelect.i21.i32.i32.i32(i32 %f_1, i32 11, i32 31)

]]></Node>
<StgValue><ssdm name="tmp_40"/></StgValue>
</operation>

<operation id="126" st_id="9" stage="1" lat="1">
<core>NULL</core>
<MemPortIdVec></MemPortIdVec>
<condition id="18">
<or_exp><and_exp><literal name="tmp_28" val="0"/>
</and_exp></or_exp>
</condition>

<Node id="125" bw="11" op_0_bw="32">
<![CDATA[
:4  %tmp_44 = trunc i32 %f_1 to i11

]]></Node>
<StgValue><ssdm name="tmp_44"/></StgValue>
</operation>

<operation id="127" st_id="9" stage="1" lat="1">
<core>NULL</core>
<MemPortIdVec></MemPortIdVec>
<condition id="18">
<or_exp><and_exp><literal name="tmp_28" val="0"/>
</and_exp></or_exp>
</condition>

<Node id="126" bw="32" op_0_bw="32" op_1_bw="11" op_2_bw="21">
<![CDATA[
:5  %tmp_42 = call i32 @_ssdm_op_BitConcatenate.i32.i11.i21(i11 %tmp_44, i21 %tmp_40)

]]></Node>
<StgValue><ssdm name="tmp_42"/></StgValue>
</operation>

<operation id="128" st_id="9" stage="1" lat="1">
<core>NULL</core>
<MemPortIdVec></MemPortIdVec>
<condition id="18">
<or_exp><and_exp><literal name="tmp_28" val="0"/>
</and_exp></or_exp>
</condition>

<Node id="127" bw="7" op_0_bw="7" op_1_bw="32" op_2_bw="32" op_3_bw="32">
<![CDATA[
:6  %tmp_43 = call i7 @_ssdm_op_PartSelect.i7.i32.i32.i32(i32 %f_1, i32 25, i32 31)

]]></Node>
<StgValue><ssdm name="tmp_43"/></StgValue>
</operation>

<operation id="129" st_id="9" stage="1" lat="1">
<core>NULL</core>
<MemPortIdVec></MemPortIdVec>
<condition id="18">
<or_exp><and_exp><literal name="tmp_28" val="0"/>
</and_exp></or_exp>
</condition>

<Node id="128" bw="25" op_0_bw="32">
<![CDATA[
:7  %tmp_52 = trunc i32 %f_1 to i25

]]></Node>
<StgValue><ssdm name="tmp_52"/></StgValue>
</operation>

<operation id="130" st_id="9" stage="1" lat="1">
<core>NULL</core>
<MemPortIdVec></MemPortIdVec>
<condition id="18">
<or_exp><and_exp><literal name="tmp_28" val="0"/>
</and_exp></or_exp>
</condition>

<Node id="129" bw="32" op_0_bw="32" op_1_bw="25" op_2_bw="7">
<![CDATA[
:8  %tmp_45 = call i32 @_ssdm_op_BitConcatenate.i32.i25.i7(i25 %tmp_52, i7 %tmp_43)

]]></Node>
<StgValue><ssdm name="tmp_45"/></StgValue>
</operation>

<operation id="131" st_id="9" stage="1" lat="1">
<core>LogicGate</core>
<MemPortIdVec></MemPortIdVec>
<condition id="18">
<or_exp><and_exp><literal name="tmp_28" val="0"/>
</and_exp></or_exp>
</condition>

<Node id="130" bw="32" op_0_bw="32" op_1_bw="32">
<![CDATA[
:9  %tmp6 = xor i32 %tmp_39, %tmp_42

]]></Node>
<StgValue><ssdm name="tmp6"/></StgValue>
</operation>

<operation id="132" st_id="9" stage="1" lat="1">
<core>LogicGate</core>
<MemPortIdVec></MemPortIdVec>
<condition id="18">
<or_exp><and_exp><literal name="tmp_28" val="0"/>
</and_exp></or_exp>
</condition>

<Node id="131" bw="32" op_0_bw="32" op_1_bw="32">
<![CDATA[
:10  %tmp_46 = xor i32 %tmp6, %tmp_45

]]></Node>
<StgValue><ssdm name="tmp_46"/></StgValue>
</operation>

<operation id="133" st_id="9" stage="1" lat="1">
<core>LogicGate</core>
<MemPortIdVec></MemPortIdVec>
<condition id="18">
<or_exp><and_exp><literal name="tmp_28" val="0"/>
</and_exp></or_exp>
</condition>

<Node id="132" bw="32" op_0_bw="32" op_1_bw="32">
<![CDATA[
:11  %tmp_47 = and i32 %f_1, %g_1

]]></Node>
<StgValue><ssdm name="tmp_47"/></StgValue>
</operation>

<operation id="134" st_id="9" stage="1" lat="1">
<core>LogicGate</core>
<MemPortIdVec></MemPortIdVec>
<condition id="18">
<or_exp><and_exp><literal name="tmp_28" val="0"/>
</and_exp></or_exp>
</condition>

<Node id="133" bw="32" op_0_bw="32" op_1_bw="32">
<![CDATA[
:12  %tmp_48 = xor i32 %f_1, -1

]]></Node>
<StgValue><ssdm name="tmp_48"/></StgValue>
</operation>

<operation id="135" st_id="9" stage="1" lat="1">
<core>LogicGate</core>
<MemPortIdVec></MemPortIdVec>
<condition id="18">
<or_exp><and_exp><literal name="tmp_28" val="0"/>
</and_exp></or_exp>
</condition>

<Node id="134" bw="32" op_0_bw="32" op_1_bw="32">
<![CDATA[
:13  %tmp_49 = and i32 %h_1, %tmp_48

]]></Node>
<StgValue><ssdm name="tmp_49"/></StgValue>
</operation>

<operation id="136" st_id="9" stage="1" lat="1">
<core>LogicGate</core>
<MemPortIdVec></MemPortIdVec>
<condition id="18">
<or_exp><and_exp><literal name="tmp_28" val="0"/>
</and_exp></or_exp>
</condition>

<Node id="135" bw="32" op_0_bw="32" op_1_bw="32">
<![CDATA[
:14  %tmp_50 = xor i32 %tmp_47, %tmp_49

]]></Node>
<StgValue><ssdm name="tmp_50"/></StgValue>
</operation>

<operation id="137" st_id="9" stage="1" lat="1">
<core>NULL</core>
<MemPortIdVec></MemPortIdVec>
<condition id="18">
<or_exp><and_exp><literal name="tmp_28" val="0"/>
</and_exp></or_exp>
</condition>

<Node id="136" bw="6" op_0_bw="32" op_1_bw="32" op_2_bw="32">
<![CDATA[
:15  %k_addr = getelementptr inbounds [64 x i32]* @k, i32 0, i32 %i_2_cast

]]></Node>
<StgValue><ssdm name="k_addr"/></StgValue>
</operation>

<operation id="138" st_id="9" stage="2" lat="2">
<core>ROM_nP</core>
<MemPortIdVec></MemPortIdVec>
<condition id="18">
<or_exp><and_exp><literal name="tmp_28" val="0"/>
</and_exp></or_exp>
</condition>

<Node id="137" bw="32" op_0_bw="6">
<![CDATA[
:16  %k_load = load i32* %k_addr, align 4

]]></Node>
<StgValue><ssdm name="k_load"/></StgValue>
</operation>

<operation id="139" st_id="9" stage="1" lat="1">
<core>NULL</core>
<MemPortIdVec></MemPortIdVec>
<condition id="18">
<or_exp><and_exp><literal name="tmp_28" val="0"/>
</and_exp></or_exp>
</condition>

<Node id="138" bw="6" op_0_bw="32" op_1_bw="32" op_2_bw="32">
<![CDATA[
:17  %m_addr_6 = getelementptr inbounds [64 x i32]* %m, i32 0, i32 %i_2_cast

]]></Node>
<StgValue><ssdm name="m_addr_6"/></StgValue>
</operation>

<operation id="140" st_id="9" stage="2" lat="2">
<core>RAM</core>
<MemPortIdVec></MemPortIdVec>
<condition id="18">
<or_exp><and_exp><literal name="tmp_28" val="0"/>
</and_exp></or_exp>
</condition>

<Node id="139" bw="32" op_0_bw="6">
<![CDATA[
:18  %m_load_4 = load i32* %m_addr_6, align 4

]]></Node>
<StgValue><ssdm name="m_load_4"/></StgValue>
</operation>

<operation id="141" st_id="9" stage="1" lat="1">
<core>TAddSub</core>
<MemPortIdVec></MemPortIdVec>
<condition id="18">
<or_exp><and_exp><literal name="tmp_28" val="0"/>
</and_exp></or_exp>
</condition>

<Node id="141" bw="32" op_0_bw="32" op_1_bw="32">
<![CDATA[
:20  %tmp7 = add i32 %tmp_46, %tmp_50

]]></Node>
<StgValue><ssdm name="tmp7"/></StgValue>
</operation>

<operation id="142" st_id="9" stage="1" lat="1">
<core>TAddSub</core>
<MemPortIdVec></MemPortIdVec>
<condition id="18">
<or_exp><and_exp><literal name="tmp_28" val="0"/>
</and_exp></or_exp>
</condition>

<Node id="142" bw="32" op_0_bw="32" op_1_bw="32">
<![CDATA[
:21  %tmp8 = add i32 %tmp7, %h1

]]></Node>
<StgValue><ssdm name="tmp8"/></StgValue>
</operation>

<operation id="143" st_id="9" stage="1" lat="1">
<core>LogicGate</core>
<MemPortIdVec></MemPortIdVec>
<condition id="18">
<or_exp><and_exp><literal name="tmp_28" val="0"/>
</and_exp></or_exp>
</condition>

<Node id="155" bw="32" op_0_bw="32" op_1_bw="32">
<![CDATA[
:34  %tmp_61 = xor i32 %c_1, %d_1

]]></Node>
<StgValue><ssdm name="tmp_61"/></StgValue>
</operation>

<operation id="144" st_id="9" stage="1" lat="1">
<core>LogicGate</core>
<MemPortIdVec></MemPortIdVec>
<condition id="18">
<or_exp><and_exp><literal name="tmp_28" val="0"/>
</and_exp></or_exp>
</condition>

<Node id="156" bw="32" op_0_bw="32" op_1_bw="32">
<![CDATA[
:35  %tmp_62 = and i32 %b_1, %tmp_61

]]></Node>
<StgValue><ssdm name="tmp_62"/></StgValue>
</operation>

<operation id="145" st_id="9" stage="1" lat="1">
<core>LogicGate</core>
<MemPortIdVec></MemPortIdVec>
<condition id="18">
<or_exp><and_exp><literal name="tmp_28" val="0"/>
</and_exp></or_exp>
</condition>

<Node id="157" bw="32" op_0_bw="32" op_1_bw="32">
<![CDATA[
:36  %tmp_63 = and i32 %c_1, %d_1

]]></Node>
<StgValue><ssdm name="tmp_63"/></StgValue>
</operation>

<operation id="146" st_id="9" stage="1" lat="1">
<core>LogicGate</core>
<MemPortIdVec></MemPortIdVec>
<condition id="18">
<or_exp><and_exp><literal name="tmp_28" val="0"/>
</and_exp></or_exp>
</condition>

<Node id="158" bw="32" op_0_bw="32" op_1_bw="32">
<![CDATA[
:37  %tmp_64 = xor i32 %tmp_62, %tmp_63

]]></Node>
<StgValue><ssdm name="tmp_64"/></StgValue>
</operation>

<operation id="147" st_id="9" stage="1" lat="1">
<core>AddSub</core>
<MemPortIdVec></MemPortIdVec>
<condition id="20">
<or_exp><and_exp><literal name="tmp_28" val="1"/>
</and_exp></or_exp>
</condition>

<Node id="164" bw="32" op_0_bw="32" op_1_bw="32">
<![CDATA[
:0  %tmp_29 = add i32 %a, %b_1

]]></Node>
<StgValue><ssdm name="tmp_29"/></StgValue>
</operation>

<operation id="148" st_id="9" stage="1" lat="1">
<core>NULL</core>
<MemPortIdVec></MemPortIdVec>
<condition id="20">
<or_exp><and_exp><literal name="tmp_28" val="1"/>
</and_exp></or_exp>
</condition>

<Node id="165" bw="0" op_0_bw="32" op_1_bw="32">
<![CDATA[
:1  store i32 %tmp_29, i32* @ctx_state_0, align 16

]]></Node>
<StgValue><ssdm name=""/></StgValue>
</operation>

<operation id="149" st_id="9" stage="1" lat="1">
<core>AddSub</core>
<MemPortIdVec></MemPortIdVec>
<condition id="20">
<or_exp><and_exp><literal name="tmp_28" val="1"/>
</and_exp></or_exp>
</condition>

<Node id="166" bw="32" op_0_bw="32" op_1_bw="32">
<![CDATA[
:2  %tmp_30 = add i32 %b, %c_1

]]></Node>
<StgValue><ssdm name="tmp_30"/></StgValue>
</operation>

<operation id="150" st_id="9" stage="1" lat="1">
<core>NULL</core>
<MemPortIdVec></MemPortIdVec>
<condition id="20">
<or_exp><and_exp><literal name="tmp_28" val="1"/>
</and_exp></or_exp>
</condition>

<Node id="167" bw="0" op_0_bw="32" op_1_bw="32">
<![CDATA[
:3  store i32 %tmp_30, i32* @ctx_state_1, align 4

]]></Node>
<StgValue><ssdm name=""/></StgValue>
</operation>

<operation id="151" st_id="9" stage="1" lat="1">
<core>AddSub</core>
<MemPortIdVec></MemPortIdVec>
<condition id="20">
<or_exp><and_exp><literal name="tmp_28" val="1"/>
</and_exp></or_exp>
</condition>

<Node id="168" bw="32" op_0_bw="32" op_1_bw="32">
<![CDATA[
:4  %tmp_31 = add i32 %c, %d_1

]]></Node>
<StgValue><ssdm name="tmp_31"/></StgValue>
</operation>

<operation id="152" st_id="9" stage="1" lat="1">
<core>NULL</core>
<MemPortIdVec></MemPortIdVec>
<condition id="20">
<or_exp><and_exp><literal name="tmp_28" val="1"/>
</and_exp></or_exp>
</condition>

<Node id="169" bw="0" op_0_bw="32" op_1_bw="32">
<![CDATA[
:5  store i32 %tmp_31, i32* @ctx_state_2, align 8

]]></Node>
<StgValue><ssdm name=""/></StgValue>
</operation>

<operation id="153" st_id="9" stage="1" lat="1">
<core>AddSub</core>
<MemPortIdVec></MemPortIdVec>
<condition id="20">
<or_exp><and_exp><literal name="tmp_28" val="1"/>
</and_exp></or_exp>
</condition>

<Node id="170" bw="32" op_0_bw="32" op_1_bw="32">
<![CDATA[
:6  %tmp_32 = add i32 %d, %d1

]]></Node>
<StgValue><ssdm name="tmp_32"/></StgValue>
</operation>

<operation id="154" st_id="9" stage="1" lat="1">
<core>NULL</core>
<MemPortIdVec></MemPortIdVec>
<condition id="20">
<or_exp><and_exp><literal name="tmp_28" val="1"/>
</and_exp></or_exp>
</condition>

<Node id="171" bw="0" op_0_bw="32" op_1_bw="32">
<![CDATA[
:7  store i32 %tmp_32, i32* @ctx_state_3, align 4

]]></Node>
<StgValue><ssdm name=""/></StgValue>
</operation>

<operation id="155" st_id="9" stage="1" lat="1">
<core>AddSub</core>
<MemPortIdVec></MemPortIdVec>
<condition id="20">
<or_exp><and_exp><literal name="tmp_28" val="1"/>
</and_exp></or_exp>
</condition>

<Node id="172" bw="32" op_0_bw="32" op_1_bw="32">
<![CDATA[
:8  %tmp_33 = add i32 %e, %f_1

]]></Node>
<StgValue><ssdm name="tmp_33"/></StgValue>
</operation>

<operation id="156" st_id="9" stage="1" lat="1">
<core>NULL</core>
<MemPortIdVec></MemPortIdVec>
<condition id="20">
<or_exp><and_exp><literal name="tmp_28" val="1"/>
</and_exp></or_exp>
</condition>

<Node id="173" bw="0" op_0_bw="32" op_1_bw="32">
<![CDATA[
:9  store i32 %tmp_33, i32* @ctx_state_4, align 16

]]></Node>
<StgValue><ssdm name=""/></StgValue>
</operation>

<operation id="157" st_id="9" stage="1" lat="1">
<core>AddSub</core>
<MemPortIdVec></MemPortIdVec>
<condition id="20">
<or_exp><and_exp><literal name="tmp_28" val="1"/>
</and_exp></or_exp>
</condition>

<Node id="174" bw="32" op_0_bw="32" op_1_bw="32">
<![CDATA[
:10  %tmp_34 = add i32 %f, %g_1

]]></Node>
<StgValue><ssdm name="tmp_34"/></StgValue>
</operation>

<operation id="158" st_id="9" stage="1" lat="1">
<core>NULL</core>
<MemPortIdVec></MemPortIdVec>
<condition id="20">
<or_exp><and_exp><literal name="tmp_28" val="1"/>
</and_exp></or_exp>
</condition>

<Node id="175" bw="0" op_0_bw="32" op_1_bw="32">
<![CDATA[
:11  store i32 %tmp_34, i32* @ctx_state_5, align 4

]]></Node>
<StgValue><ssdm name=""/></StgValue>
</operation>

<operation id="159" st_id="9" stage="1" lat="1">
<core>AddSub</core>
<MemPortIdVec></MemPortIdVec>
<condition id="20">
<or_exp><and_exp><literal name="tmp_28" val="1"/>
</and_exp></or_exp>
</condition>

<Node id="176" bw="32" op_0_bw="32" op_1_bw="32">
<![CDATA[
:12  %tmp_35 = add i32 %g, %h_1

]]></Node>
<StgValue><ssdm name="tmp_35"/></StgValue>
</operation>

<operation id="160" st_id="9" stage="1" lat="1">
<core>NULL</core>
<MemPortIdVec></MemPortIdVec>
<condition id="20">
<or_exp><and_exp><literal name="tmp_28" val="1"/>
</and_exp></or_exp>
</condition>

<Node id="177" bw="0" op_0_bw="32" op_1_bw="32">
<![CDATA[
:13  store i32 %tmp_35, i32* @ctx_state_6, align 8

]]></Node>
<StgValue><ssdm name=""/></StgValue>
</operation>

<operation id="161" st_id="9" stage="1" lat="1">
<core>AddSub</core>
<MemPortIdVec></MemPortIdVec>
<condition id="20">
<or_exp><and_exp><literal name="tmp_28" val="1"/>
</and_exp></or_exp>
</condition>

<Node id="178" bw="32" op_0_bw="32" op_1_bw="32">
<![CDATA[
:14  %tmp_36 = add i32 %h, %h1

]]></Node>
<StgValue><ssdm name="tmp_36"/></StgValue>
</operation>

<operation id="162" st_id="9" stage="1" lat="1">
<core>NULL</core>
<MemPortIdVec></MemPortIdVec>
<condition id="20">
<or_exp><and_exp><literal name="tmp_28" val="1"/>
</and_exp></or_exp>
</condition>

<Node id="179" bw="0" op_0_bw="32" op_1_bw="32">
<![CDATA[
:15  store i32 %tmp_36, i32* @ctx_state_7, align 4

]]></Node>
<StgValue><ssdm name=""/></StgValue>
</operation>

<operation id="163" st_id="9" stage="1" lat="1">
<core>NULL</core>
<MemPortIdVec></MemPortIdVec>
<condition id="20">
<or_exp><and_exp><literal name="tmp_28" val="1"/>
</and_exp></or_exp>
</condition>

<Node id="180" bw="0">
<![CDATA[
:16  ret void

]]></Node>
<StgValue><ssdm name=""/></StgValue>
</operation>
</state>

<state id="10" st_id="10">

<operation id="164" st_id="10" stage="1" lat="2">
<core>ROM_nP</core>
<MemPortIdVec></MemPortIdVec>
<condition id="21">
<or_exp><and_exp></and_exp></or_exp>
</condition>

<Node id="137" bw="32" op_0_bw="6">
<![CDATA[
:16  %k_load = load i32* %k_addr, align 4

]]></Node>
<StgValue><ssdm name="k_load"/></StgValue>
</operation>

<operation id="165" st_id="10" stage="1" lat="2">
<core>RAM</core>
<MemPortIdVec></MemPortIdVec>
<condition id="21">
<or_exp><and_exp></and_exp></or_exp>
</condition>

<Node id="139" bw="32" op_0_bw="6">
<![CDATA[
:18  %m_load_4 = load i32* %m_addr_6, align 4

]]></Node>
<StgValue><ssdm name="m_load_4"/></StgValue>
</operation>

<operation id="166" st_id="10" stage="1" lat="1">
<core>TAddSub</core>
<MemPortIdVec></MemPortIdVec>
<condition id="21">
<or_exp><and_exp></and_exp></or_exp>
</condition>

<Node id="140" bw="32" op_0_bw="32" op_1_bw="32">
<![CDATA[
:19  %tmp9 = add i32 %k_load, %m_load_4

]]></Node>
<StgValue><ssdm name="tmp9"/></StgValue>
</operation>

<operation id="167" st_id="10" stage="1" lat="1">
<core>TAddSub</core>
<MemPortIdVec></MemPortIdVec>
<condition id="21">
<or_exp><and_exp></and_exp></or_exp>
</condition>

<Node id="143" bw="32" op_0_bw="32" op_1_bw="32">
<![CDATA[
:22  %t1 = add i32 %tmp8, %tmp9

]]></Node>
<StgValue><ssdm name="t1"/></StgValue>
</operation>
</state>

<state id="11" st_id="11">

<operation id="168" st_id="11" stage="1" lat="1">
<core>NULL</core>
<MemPortIdVec></MemPortIdVec>
<condition id="22">
<or_exp><and_exp></and_exp></or_exp>
</condition>

<Node id="144" bw="30" op_0_bw="30" op_1_bw="32" op_2_bw="32" op_3_bw="32">
<![CDATA[
:23  %tmp_51 = call i30 @_ssdm_op_PartSelect.i30.i32.i32.i32(i32 %b_1, i32 2, i32 31)

]]></Node>
<StgValue><ssdm name="tmp_51"/></StgValue>
</operation>

<operation id="169" st_id="11" stage="1" lat="1">
<core>NULL</core>
<MemPortIdVec></MemPortIdVec>
<condition id="22">
<or_exp><and_exp></and_exp></or_exp>
</condition>

<Node id="145" bw="2" op_0_bw="32">
<![CDATA[
:24  %tmp_55 = trunc i32 %b_1 to i2

]]></Node>
<StgValue><ssdm name="tmp_55"/></StgValue>
</operation>

<operation id="170" st_id="11" stage="1" lat="1">
<core>NULL</core>
<MemPortIdVec></MemPortIdVec>
<condition id="22">
<or_exp><and_exp></and_exp></or_exp>
</condition>

<Node id="146" bw="32" op_0_bw="32" op_1_bw="2" op_2_bw="30">
<![CDATA[
:25  %tmp_53 = call i32 @_ssdm_op_BitConcatenate.i32.i2.i30(i2 %tmp_55, i30 %tmp_51)

]]></Node>
<StgValue><ssdm name="tmp_53"/></StgValue>
</operation>

<operation id="171" st_id="11" stage="1" lat="1">
<core>NULL</core>
<MemPortIdVec></MemPortIdVec>
<condition id="22">
<or_exp><and_exp></and_exp></or_exp>
</condition>

<Node id="147" bw="19" op_0_bw="19" op_1_bw="32" op_2_bw="32" op_3_bw="32">
<![CDATA[
:26  %tmp_54 = call i19 @_ssdm_op_PartSelect.i19.i32.i32.i32(i32 %b_1, i32 13, i32 31)

]]></Node>
<StgValue><ssdm name="tmp_54"/></StgValue>
</operation>

<operation id="172" st_id="11" stage="1" lat="1">
<core>NULL</core>
<MemPortIdVec></MemPortIdVec>
<condition id="22">
<or_exp><and_exp></and_exp></or_exp>
</condition>

<Node id="148" bw="13" op_0_bw="32">
<![CDATA[
:27  %tmp_58 = trunc i32 %b_1 to i13

]]></Node>
<StgValue><ssdm name="tmp_58"/></StgValue>
</operation>

<operation id="173" st_id="11" stage="1" lat="1">
<core>NULL</core>
<MemPortIdVec></MemPortIdVec>
<condition id="22">
<or_exp><and_exp></and_exp></or_exp>
</condition>

<Node id="149" bw="32" op_0_bw="32" op_1_bw="13" op_2_bw="19">
<![CDATA[
:28  %tmp_56 = call i32 @_ssdm_op_BitConcatenate.i32.i13.i19(i13 %tmp_58, i19 %tmp_54)

]]></Node>
<StgValue><ssdm name="tmp_56"/></StgValue>
</operation>

<operation id="174" st_id="11" stage="1" lat="1">
<core>NULL</core>
<MemPortIdVec></MemPortIdVec>
<condition id="22">
<or_exp><and_exp></and_exp></or_exp>
</condition>

<Node id="150" bw="10" op_0_bw="10" op_1_bw="32" op_2_bw="32" op_3_bw="32">
<![CDATA[
:29  %tmp_57 = call i10 @_ssdm_op_PartSelect.i10.i32.i32.i32(i32 %b_1, i32 22, i32 31)

]]></Node>
<StgValue><ssdm name="tmp_57"/></StgValue>
</operation>

<operation id="175" st_id="11" stage="1" lat="1">
<core>NULL</core>
<MemPortIdVec></MemPortIdVec>
<condition id="22">
<or_exp><and_exp></and_exp></or_exp>
</condition>

<Node id="151" bw="22" op_0_bw="32">
<![CDATA[
:30  %tmp_65 = trunc i32 %b_1 to i22

]]></Node>
<StgValue><ssdm name="tmp_65"/></StgValue>
</operation>

<operation id="176" st_id="11" stage="1" lat="1">
<core>NULL</core>
<MemPortIdVec></MemPortIdVec>
<condition id="22">
<or_exp><and_exp></and_exp></or_exp>
</condition>

<Node id="152" bw="32" op_0_bw="32" op_1_bw="22" op_2_bw="10">
<![CDATA[
:31  %tmp_59 = call i32 @_ssdm_op_BitConcatenate.i32.i22.i10(i22 %tmp_65, i10 %tmp_57)

]]></Node>
<StgValue><ssdm name="tmp_59"/></StgValue>
</operation>

<operation id="177" st_id="11" stage="1" lat="1">
<core>LogicGate</core>
<MemPortIdVec></MemPortIdVec>
<condition id="22">
<or_exp><and_exp></and_exp></or_exp>
</condition>

<Node id="153" bw="32" op_0_bw="32" op_1_bw="32">
<![CDATA[
:32  %tmp10 = xor i32 %tmp_53, %tmp_56

]]></Node>
<StgValue><ssdm name="tmp10"/></StgValue>
</operation>

<operation id="178" st_id="11" stage="1" lat="1">
<core>LogicGate</core>
<MemPortIdVec></MemPortIdVec>
<condition id="22">
<or_exp><and_exp></and_exp></or_exp>
</condition>

<Node id="154" bw="32" op_0_bw="32" op_1_bw="32">
<![CDATA[
:33  %tmp_60 = xor i32 %tmp10, %tmp_59

]]></Node>
<StgValue><ssdm name="tmp_60"/></StgValue>
</operation>

<operation id="179" st_id="11" stage="1" lat="1">
<core>AddSub</core>
<MemPortIdVec></MemPortIdVec>
<condition id="22">
<or_exp><and_exp></and_exp></or_exp>
</condition>

<Node id="159" bw="32" op_0_bw="32" op_1_bw="32">
<![CDATA[
:38  %e_1 = add i32 %t1, %d1

]]></Node>
<StgValue><ssdm name="e_1"/></StgValue>
</operation>

<operation id="180" st_id="11" stage="1" lat="1">
<core>TAddSub</core>
<MemPortIdVec></MemPortIdVec>
<condition id="22">
<or_exp><and_exp></and_exp></or_exp>
</condition>

<Node id="160" bw="32" op_0_bw="32" op_1_bw="32">
<![CDATA[
:39  %tmp11 = add i32 %tmp_64, %t1

]]></Node>
<StgValue><ssdm name="tmp11"/></StgValue>
</operation>

<operation id="181" st_id="11" stage="1" lat="1">
<core>TAddSub</core>
<MemPortIdVec></MemPortIdVec>
<condition id="22">
<or_exp><and_exp></and_exp></or_exp>
</condition>

<Node id="161" bw="32" op_0_bw="32" op_1_bw="32">
<![CDATA[
:40  %a_1 = add i32 %tmp11, %tmp_60

]]></Node>
<StgValue><ssdm name="a_1"/></StgValue>
</operation>

<operation id="182" st_id="11" stage="1" lat="1">
<core>NULL</core>
<MemPortIdVec></MemPortIdVec>
<condition id="22">
<or_exp><and_exp></and_exp></or_exp>
</condition>

<Node id="162" bw="0" op_0_bw="0">
<![CDATA[
:41  br label %5

]]></Node>
<StgValue><ssdm name=""/></StgValue>
</operation>
</state>
</state_list>


<ports>
</ports>


<dataflows>
</dataflows>


</stg>
