<profile>

<section name = "Vivado HLS Report for 'sha256_transform'" level="0">
<item name = "Date">Sun May 23 11:44:25 2021
</item>
<item name = "Version">2016.4 (Build 1756540 on Mon Jan 23 19:31:01 MST 2017)</item>
<item name = "Project">sha256_prj</item>
<item name = "Solution">solution1</item>
<item name = "Product family">zynq</item>
<item name = "Target device">xc7z020clg484-1</item>
</section>

<section name = "Performance Estimates" level="0">
<item name = "Timing (ns)">
<section name = "" level="1">
<item name = "Summary"><table name="" hasTotal="0">
<keys size="4">Clock, Target, Estimated, Uncertainty</keys>
<column name="ap_clk">10.00, 7.12, 1.25</column>
</table>
</item>
</section>
</item>
<item name = "Latency (clock cycles)">
<section name = "" level="1">
<item name = "Summary"><table name="" hasTotal="0">
<keys size="6">, min, max, min, max, Type</keys>
<column name="">435, 435, 435, 435, none</column>
</table>
</item>
<item name = "Detail">
<section name = "" level="1">
<item name = "Instance"><table name="" hasTotal="0">
<keys size="7">Instance, Module, min, max, min, max, Type</keys>
</table>
</item>
<item name = "Loop"><table name="" hasTotal="0">
<keys size="8">Loop Name, min, max, Latency, achieved, target, Count, Pipelined</keys>
<column name="- Loop 1">48, 48, 3, -, -, 16, no</column>
<column name="- Loop 2">192, 192, 4, -, -, 48, no</column>
<column name="- Loop 3">192, 192, 3, -, -, 64, no</column>
</table>
</item>
</section>
</item>
</section>
</item>
</section>

<section name = "Utilization Estimates" level="0">
<item name = "Summary"><table name="" hasTotal="1">
<keys size="5">Name, BRAM_18K, DSP48E, FF, LUT</keys>
<column name="DSP">-, -, -, -</column>
<column name="Expression">-, -, 0, 1239</column>
<column name="FIFO">-, -, -, -</column>
<column name="Instance">-, -, -, -</column>
<column name="Memory">3, -, 0, 0</column>
<column name="Multiplexer">-, -, -, 568</column>
<column name="Register">-, -, 801, -</column>
<specialColumn name="Available">280, 220, 106400, 53200</specialColumn>
<specialColumn name="Utilization (%)">1, 0, ~0, 3</specialColumn>
</table>
</item>
<item name = "Detail">
<section name = "" level="1">
<item name = "Instance"><table name="" hasTotal="1">
<keys size="6">Instance, Module, BRAM_18K, DSP48E, FF, LUT</keys>
</table>
</item>
<item name = "DSP48"><table name="" hasTotal="0">
<keys size="3">Instance, Module, Expression</keys>
</table>
</item>
<item name = "Memory"><table name="" hasTotal="1">
<keys size="9">Memory, Module, BRAM_18K, FF, LUT, Words, Bits, Banks, W*Bits*Banks</keys>
<column name="k_U">sha256_transform_k, 1, 0, 0, 64, 32, 1, 2048</column>
<column name="m_U">sha256_transform_m, 2, 0, 0, 64, 32, 1, 2048</column>
</table>
</item>
<item name = "FIFO"><table name="" hasTotal="1">
<keys size="7">Name, BRAM_18K, FF, LUT, Depth, Bits, Size:D*B</keys>
</table>
</item>
<item name = "Expression"><table name="" hasTotal="1">
<keys size="7">Variable Name, Operation, DSP48E, FF, LUT, Bitwidth P0, Bitwidth P1</keys>
<column name="a_1_fu_1036_p2">+, 0, 0, 16, 32, 32</column>
<column name="e_1_fu_1027_p2">+, 0, 0, 32, 32, 32</column>
<column name="i_3_fu_536_p2">+, 0, 0, 7, 1, 7</column>
<column name="i_4_fu_706_p2">+, 0, 0, 7, 7, 1</column>
<column name="j_1_fu_413_p2">+, 0, 0, 7, 3, 7</column>
<column name="t1_fu_944_p2">+, 0, 0, 16, 32, 32</column>
<column name="tmp11_fu_1032_p2">+, 0, 0, 16, 32, 32</column>
<column name="tmp4_fu_677_p2">+, 0, 0, 16, 32, 32</column>
<column name="tmp5_fu_682_p2">+, 0, 0, 32, 32, 32</column>
<column name="tmp7_fu_814_p2">+, 0, 0, 16, 32, 32</column>
<column name="tmp8_fu_820_p2">+, 0, 0, 16, 32, 32</column>
<column name="tmp9_fu_938_p2">+, 0, 0, 16, 32, 32</column>
<column name="tmp_15_fu_471_p2">+, 0, 0, 7, 4, 7</column>
<column name="tmp_16_fu_514_p2">+, 0, 0, 7, 5, 7</column>
<column name="tmp_26_fu_525_p2">+, 0, 0, 7, 6, 7</column>
<column name="tmp_27_fu_688_p2">+, 0, 0, 16, 32, 32</column>
<column name="tmp_29_fu_850_p2">+, 0, 0, 32, 32, 32</column>
<column name="tmp_30_fu_861_p2">+, 0, 0, 32, 32, 32</column>
<column name="tmp_31_fu_872_p2">+, 0, 0, 32, 32, 32</column>
<column name="tmp_32_fu_883_p2">+, 0, 0, 32, 32, 32</column>
<column name="tmp_33_fu_894_p2">+, 0, 0, 32, 32, 32</column>
<column name="tmp_34_fu_905_p2">+, 0, 0, 32, 32, 32</column>
<column name="tmp_35_fu_916_p2">+, 0, 0, 32, 32, 32</column>
<column name="tmp_36_fu_927_p2">+, 0, 0, 32, 32, 32</column>
<column name="tmp_9_fu_387_p2">+, 0, 0, 5, 5, 1</column>
<column name="tmp_s_fu_460_p2">+, 0, 0, 7, 3, 7</column>
<column name="tmp_47_fu_790_p2">and, 0, 0, 44, 32, 32</column>
<column name="tmp_49_fu_802_p2">and, 0, 0, 44, 32, 32</column>
<column name="tmp_62_fu_832_p2">and, 0, 0, 44, 32, 32</column>
<column name="tmp_63_fu_838_p2">and, 0, 0, 44, 32, 32</column>
<column name="exitcond_fu_454_p2">icmp, 0, 0, 3, 7, 8</column>
<column name="tmp_28_fu_700_p2">icmp, 0, 0, 3, 7, 8</column>
<column name="tmp_fu_381_p2">icmp, 0, 0, 3, 5, 6</column>
<column name="tmp_1_fu_419_p2">or, 0, 0, 8, 6, 2</column>
<column name="tmp_4_fu_429_p2">or, 0, 0, 8, 6, 2</column>
<column name="tmp_8_fu_402_p2">or, 0, 0, 8, 6, 1</column>
<column name="tmp10_fu_1015_p2">xor, 0, 0, 44, 32, 32</column>
<column name="tmp2_fu_595_p2">xor, 0, 0, 44, 32, 32</column>
<column name="tmp3_fu_665_p2">xor, 0, 0, 44, 32, 32</column>
<column name="tmp6_fu_778_p2">xor, 0, 0, 44, 32, 32</column>
<column name="tmp_14_fu_601_p2">xor, 0, 0, 44, 32, 32</column>
<column name="tmp_25_fu_671_p2">xor, 0, 0, 44, 32, 32</column>
<column name="tmp_46_fu_784_p2">xor, 0, 0, 44, 32, 32</column>
<column name="tmp_48_fu_796_p2">xor, 0, 0, 44, 32, 2</column>
<column name="tmp_50_fu_808_p2">xor, 0, 0, 44, 32, 32</column>
<column name="tmp_60_fu_1021_p2">xor, 0, 0, 44, 32, 32</column>
<column name="tmp_61_fu_826_p2">xor, 0, 0, 44, 32, 32</column>
<column name="tmp_64_fu_844_p2">xor, 0, 0, 44, 32, 32</column>
</table>
</item>
<item name = "Multiplexer"><table name="" hasTotal="1">
<keys size="5">Name, LUT, Input Size, Bits, Total Bits</keys>
<column name="ap_NS_fsm">6, 12, 1, 12</column>
<column name="b_1_reg_355">32, 2, 32, 64</column>
<column name="c_1_reg_344">32, 2, 32, 64</column>
<column name="ctx_state_0_o">32, 2, 32, 64</column>
<column name="ctx_state_1_o">32, 2, 32, 64</column>
<column name="ctx_state_2_o">32, 2, 32, 64</column>
<column name="ctx_state_3_o">32, 2, 32, 64</column>
<column name="ctx_state_4_o">32, 2, 32, 64</column>
<column name="ctx_state_5_o">32, 2, 32, 64</column>
<column name="ctx_state_6_o">32, 2, 32, 64</column>
<column name="ctx_state_7_o">32, 2, 32, 64</column>
<column name="d1_reg_323">32, 2, 32, 64</column>
<column name="d_1_reg_333">32, 2, 32, 64</column>
<column name="data_transform_address0">6, 3, 6, 18</column>
<column name="data_transform_address1">6, 3, 6, 18</column>
<column name="f_1_reg_312">32, 2, 32, 64</column>
<column name="g_1_reg_301">32, 2, 32, 64</column>
<column name="h1_reg_281">32, 2, 32, 64</column>
<column name="h_1_reg_290">32, 2, 32, 64</column>
<column name="i_1_reg_269">7, 2, 7, 14</column>
<column name="i_2_reg_366">7, 2, 7, 14</column>
<column name="i_reg_247">5, 2, 5, 10</column>
<column name="j_reg_258">7, 2, 7, 14</column>
<column name="m_address0">6, 5, 6, 30</column>
<column name="m_address1">6, 4, 6, 24</column>
</table>
</item>
<item name = "Register"><table name="" hasTotal="1">
<keys size="5">Name, FF, LUT, Bits, Const Bits</keys>
<column name="a_reg_1114">32, 0, 32, 0</column>
<column name="ap_CS_fsm">11, 0, 11, 0</column>
<column name="b_1_reg_355">32, 0, 32, 0</column>
<column name="b_reg_1120">32, 0, 32, 0</column>
<column name="c_1_reg_344">32, 0, 32, 0</column>
<column name="c_reg_1126">32, 0, 32, 0</column>
<column name="d1_reg_323">32, 0, 32, 0</column>
<column name="d_1_reg_333">32, 0, 32, 0</column>
<column name="d_reg_1132">32, 0, 32, 0</column>
<column name="data_transform_load_1_reg_1081">8, 0, 8, 0</column>
<column name="data_transform_load_reg_1076">8, 0, 8, 0</column>
<column name="e_reg_1138">32, 0, 32, 0</column>
<column name="f_1_reg_312">32, 0, 32, 0</column>
<column name="f_reg_1144">32, 0, 32, 0</column>
<column name="g_1_reg_301">32, 0, 32, 0</column>
<column name="g_reg_1150">32, 0, 32, 0</column>
<column name="h1_reg_281">32, 0, 32, 0</column>
<column name="h_1_reg_290">32, 0, 32, 0</column>
<column name="h_reg_1156">32, 0, 32, 0</column>
<column name="i_1_cast_reg_1096">7, 0, 32, 25</column>
<column name="i_1_reg_269">7, 0, 7, 0</column>
<column name="i_2_reg_366">7, 0, 7, 0</column>
<column name="i_3_reg_1186">7, 0, 7, 0</column>
<column name="i_4_reg_1199">7, 0, 7, 0</column>
<column name="i_cast_reg_1042">5, 0, 32, 27</column>
<column name="i_reg_247">5, 0, 5, 0</column>
<column name="j_1_reg_1071">7, 0, 7, 0</column>
<column name="j_reg_258">7, 0, 7, 0</column>
<column name="m_load_1_reg_1171">32, 0, 32, 0</column>
<column name="m_load_reg_1162">32, 0, 32, 0</column>
<column name="t1_reg_1224">32, 0, 32, 0</column>
<column name="tmp8_reg_1214">32, 0, 32, 0</column>
<column name="tmp_27_reg_1191">32, 0, 32, 0</column>
<column name="tmp_3_reg_1060">6, 0, 6, 0</column>
<column name="tmp_64_reg_1219">32, 0, 32, 0</column>
<column name="tmp_9_reg_1050">5, 0, 5, 0</column>
</table>
</item>
</section>
</item>
</section>

<section name = "Interface" level="0">
<item name = "Summary"><table name="" hasTotal="0">
<keys size="6">RTL Ports, Dir, Bits, Protocol, Source Object, C Type</keys>
<column name="ap_clk">in, 1, ap_ctrl_hs, sha256_transform, return value</column>
<column name="ap_rst">in, 1, ap_ctrl_hs, sha256_transform, return value</column>
<column name="ap_start">in, 1, ap_ctrl_hs, sha256_transform, return value</column>
<column name="ap_done">out, 1, ap_ctrl_hs, sha256_transform, return value</column>
<column name="ap_idle">out, 1, ap_ctrl_hs, sha256_transform, return value</column>
<column name="ap_ready">out, 1, ap_ctrl_hs, sha256_transform, return value</column>
<column name="data_transform_address0">out, 6, ap_memory, data_transform, array</column>
<column name="data_transform_ce0">out, 1, ap_memory, data_transform, array</column>
<column name="data_transform_q0">in, 8, ap_memory, data_transform, array</column>
<column name="data_transform_address1">out, 6, ap_memory, data_transform, array</column>
<column name="data_transform_ce1">out, 1, ap_memory, data_transform, array</column>
<column name="data_transform_q1">in, 8, ap_memory, data_transform, array</column>
<column name="ctx_state_0_i">in, 32, ap_ovld, ctx_state_0, pointer</column>
<column name="ctx_state_0_o">out, 32, ap_ovld, ctx_state_0, pointer</column>
<column name="ctx_state_0_o_ap_vld">out, 1, ap_ovld, ctx_state_0, pointer</column>
<column name="ctx_state_1_i">in, 32, ap_ovld, ctx_state_1, pointer</column>
<column name="ctx_state_1_o">out, 32, ap_ovld, ctx_state_1, pointer</column>
<column name="ctx_state_1_o_ap_vld">out, 1, ap_ovld, ctx_state_1, pointer</column>
<column name="ctx_state_2_i">in, 32, ap_ovld, ctx_state_2, pointer</column>
<column name="ctx_state_2_o">out, 32, ap_ovld, ctx_state_2, pointer</column>
<column name="ctx_state_2_o_ap_vld">out, 1, ap_ovld, ctx_state_2, pointer</column>
<column name="ctx_state_3_i">in, 32, ap_ovld, ctx_state_3, pointer</column>
<column name="ctx_state_3_o">out, 32, ap_ovld, ctx_state_3, pointer</column>
<column name="ctx_state_3_o_ap_vld">out, 1, ap_ovld, ctx_state_3, pointer</column>
<column name="ctx_state_4_i">in, 32, ap_ovld, ctx_state_4, pointer</column>
<column name="ctx_state_4_o">out, 32, ap_ovld, ctx_state_4, pointer</column>
<column name="ctx_state_4_o_ap_vld">out, 1, ap_ovld, ctx_state_4, pointer</column>
<column name="ctx_state_5_i">in, 32, ap_ovld, ctx_state_5, pointer</column>
<column name="ctx_state_5_o">out, 32, ap_ovld, ctx_state_5, pointer</column>
<column name="ctx_state_5_o_ap_vld">out, 1, ap_ovld, ctx_state_5, pointer</column>
<column name="ctx_state_6_i">in, 32, ap_ovld, ctx_state_6, pointer</column>
<column name="ctx_state_6_o">out, 32, ap_ovld, ctx_state_6, pointer</column>
<column name="ctx_state_6_o_ap_vld">out, 1, ap_ovld, ctx_state_6, pointer</column>
<column name="ctx_state_7_i">in, 32, ap_ovld, ctx_state_7, pointer</column>
<column name="ctx_state_7_o">out, 32, ap_ovld, ctx_state_7, pointer</column>
<column name="ctx_state_7_o_ap_vld">out, 1, ap_ovld, ctx_state_7, pointer</column>
</table>
</item>
</section>
</profile>
