<profile>

<section name = "Vivado HLS Report for 'sha256_transform'" level="0">
<item name = "Date">Sun May 23 11:44:24 2021
</item>
<item name = "Version">2016.4 (Build 1756540 on Mon Jan 23 19:31:01 MST 2017)</item>
<item name = "Project">sha256_prj</item>
<item name = "Solution">solution1</item>
<item name = "Product family">zynq</item>
<item name = "Target device">xc7z020clg484-1</item>
</section>

<section name = "Performance Estimates" level="0">
<item name = "Timing (ns)">
<section name = "" level="1">
<item name = "Summary"><table name="" hasTotal="0">
<keys size="4">Clock, Target, Estimated, Uncertainty</keys>
<column name="ap_clk">10.00, 7.12, 1.25</column>
</table>
</item>
</section>
</item>
<item name = "Latency (clock cycles)">
<section name = "" level="1">
<item name = "Summary"><table name="" hasTotal="0">
<keys size="6">, min, max, min, max, Type</keys>
<column name="">435, 435, 435, 435, none</column>
</table>
</item>
<item name = "Detail">
<section name = "" level="1">
<item name = "Instance"><table name="" hasTotal="0">
<keys size="7">Instance, Module, min, max, min, max, Type</keys>
</table>
</item>
<item name = "Loop"><table name="" hasTotal="0">
<keys size="8">Loop Name, min, max, Latency, achieved, target, Count, Pipelined</keys>
<column name="- Loop 1">48, 48, 3, -, -, 16, no</column>
<column name="- Loop 2">192, 192, 4, -, -, 48, no</column>
<column name="- Loop 3">192, 192, 3, -, -, 64, no</column>
</table>
</item>
</section>
</item>
</section>
</item>
</section>
</profile>
