<stg><name>sha256_top</name>


<trans_list>

<trans id="55" from="1" to="2">
<condition id="20">
<or_exp><and_exp></and_exp></or_exp>
</condition>
</trans>

<trans id="56" from="2" to="3">
<condition id="22">
<or_exp><and_exp><literal name="exitcond_i" val="0"/>
</and_exp></or_exp>
</condition>
</trans>

<trans id="57" from="2" to="6">
<condition id="21">
<or_exp><and_exp><literal name="exitcond_i" val="1"/>
</and_exp></or_exp>
</condition>
</trans>

<trans id="59" from="3" to="4">
<condition id="24">
<or_exp><and_exp><literal name="tmp_1_i" val="1"/>
</and_exp></or_exp>
</condition>
</trans>

<trans id="60" from="3" to="5">
<condition id="25">
<or_exp><and_exp><literal name="tmp_1_i" val="0"/>
</and_exp></or_exp>
</condition>
</trans>

<trans id="61" from="4" to="5">
<condition id="26">
<or_exp><and_exp></and_exp></or_exp>
</condition>
</trans>

<trans id="62" from="5" to="2">
<condition id="28">
<or_exp><and_exp></and_exp></or_exp>
</condition>
</trans>
</trans_list>



<state_list>

<state id="1" st_id="1">

<operation id="7" st_id="1" stage="1" lat="1">
<core>NULL</core>
<MemPortIdVec></MemPortIdVec>
<condition id="0">
<or_exp><and_exp></and_exp></or_exp>
</condition>

<Node id="16" bw="0" op_0_bw="0" op_1_bw="8">
<![CDATA[
:0  call void (...)* @_ssdm_op_SpecBitsMap([32 x i8]* %data) nounwind, !map !36

]]></Node>
<StgValue><ssdm name=""/></StgValue>
</operation>

<operation id="8" st_id="1" stage="1" lat="1">
<core>NULL</core>
<MemPortIdVec></MemPortIdVec>
<condition id="0">
<or_exp><and_exp></and_exp></or_exp>
</condition>

<Node id="17" bw="0" op_0_bw="0" op_1_bw="8">
<![CDATA[
:1  call void (...)* @_ssdm_op_SpecBitsMap([32 x i8]* %hash) nounwind, !map !42

]]></Node>
<StgValue><ssdm name=""/></StgValue>
</operation>

<operation id="9" st_id="1" stage="1" lat="1">
<core>NULL</core>
<MemPortIdVec></MemPortIdVec>
<condition id="0">
<or_exp><and_exp></and_exp></or_exp>
</condition>

<Node id="18" bw="0" op_0_bw="0" op_1_bw="0">
<![CDATA[
:2  call void (...)* @_ssdm_op_SpecTopModule([11 x i8]* @sha256_top_str) nounwind

]]></Node>
<StgValue><ssdm name=""/></StgValue>
</operation>

<operation id="10" st_id="1" stage="1" lat="1">
<core>NULL</core>
<MemPortIdVec></MemPortIdVec>
<condition id="0">
<or_exp><and_exp></and_exp></or_exp>
</condition>

<Node id="19" bw="0" op_0_bw="32" op_1_bw="32">
<![CDATA[
:3  store i32 0, i32* @ctx_datalen, align 4

]]></Node>
<StgValue><ssdm name=""/></StgValue>
</operation>

<operation id="11" st_id="1" stage="1" lat="1">
<core>NULL</core>
<MemPortIdVec></MemPortIdVec>
<condition id="0">
<or_exp><and_exp></and_exp></or_exp>
</condition>

<Node id="20" bw="0" op_0_bw="32" op_1_bw="32">
<![CDATA[
:4  store i32 0, i32* @ctx_bitlen_0, align 4

]]></Node>
<StgValue><ssdm name=""/></StgValue>
</operation>

<operation id="12" st_id="1" stage="1" lat="1">
<core>NULL</core>
<MemPortIdVec></MemPortIdVec>
<condition id="0">
<or_exp><and_exp></and_exp></or_exp>
</condition>

<Node id="21" bw="0" op_0_bw="32" op_1_bw="32">
<![CDATA[
:5  store i32 0, i32* @ctx_bitlen_1, align 4

]]></Node>
<StgValue><ssdm name=""/></StgValue>
</operation>

<operation id="13" st_id="1" stage="1" lat="1">
<core>NULL</core>
<MemPortIdVec></MemPortIdVec>
<condition id="0">
<or_exp><and_exp></and_exp></or_exp>
</condition>

<Node id="22" bw="0" op_0_bw="32" op_1_bw="32">
<![CDATA[
:6  store i32 1779033703, i32* @ctx_state_0, align 16

]]></Node>
<StgValue><ssdm name=""/></StgValue>
</operation>

<operation id="14" st_id="1" stage="1" lat="1">
<core>NULL</core>
<MemPortIdVec></MemPortIdVec>
<condition id="0">
<or_exp><and_exp></and_exp></or_exp>
</condition>

<Node id="23" bw="0" op_0_bw="32" op_1_bw="32">
<![CDATA[
:7  store i32 -1150833019, i32* @ctx_state_1, align 4

]]></Node>
<StgValue><ssdm name=""/></StgValue>
</operation>

<operation id="15" st_id="1" stage="1" lat="1">
<core>NULL</core>
<MemPortIdVec></MemPortIdVec>
<condition id="0">
<or_exp><and_exp></and_exp></or_exp>
</condition>

<Node id="24" bw="0" op_0_bw="32" op_1_bw="32">
<![CDATA[
:8  store i32 1013904242, i32* @ctx_state_2, align 8

]]></Node>
<StgValue><ssdm name=""/></StgValue>
</operation>

<operation id="16" st_id="1" stage="1" lat="1">
<core>NULL</core>
<MemPortIdVec></MemPortIdVec>
<condition id="0">
<or_exp><and_exp></and_exp></or_exp>
</condition>

<Node id="25" bw="0" op_0_bw="32" op_1_bw="32">
<![CDATA[
:9  store i32 -1521486534, i32* @ctx_state_3, align 4

]]></Node>
<StgValue><ssdm name=""/></StgValue>
</operation>

<operation id="17" st_id="1" stage="1" lat="1">
<core>NULL</core>
<MemPortIdVec></MemPortIdVec>
<condition id="0">
<or_exp><and_exp></and_exp></or_exp>
</condition>

<Node id="26" bw="0" op_0_bw="32" op_1_bw="32">
<![CDATA[
:10  store i32 1359893119, i32* @ctx_state_4, align 16

]]></Node>
<StgValue><ssdm name=""/></StgValue>
</operation>

<operation id="18" st_id="1" stage="1" lat="1">
<core>NULL</core>
<MemPortIdVec></MemPortIdVec>
<condition id="0">
<or_exp><and_exp></and_exp></or_exp>
</condition>

<Node id="27" bw="0" op_0_bw="32" op_1_bw="32">
<![CDATA[
:11  store i32 -1694144372, i32* @ctx_state_5, align 4

]]></Node>
<StgValue><ssdm name=""/></StgValue>
</operation>

<operation id="19" st_id="1" stage="1" lat="1">
<core>NULL</core>
<MemPortIdVec></MemPortIdVec>
<condition id="0">
<or_exp><and_exp></and_exp></or_exp>
</condition>

<Node id="28" bw="0" op_0_bw="32" op_1_bw="32">
<![CDATA[
:12  store i32 528734635, i32* @ctx_state_6, align 8

]]></Node>
<StgValue><ssdm name=""/></StgValue>
</operation>

<operation id="20" st_id="1" stage="1" lat="1">
<core>NULL</core>
<MemPortIdVec></MemPortIdVec>
<condition id="0">
<or_exp><and_exp></and_exp></or_exp>
</condition>

<Node id="29" bw="0" op_0_bw="32" op_1_bw="32">
<![CDATA[
:13  store i32 1541459225, i32* @ctx_state_7, align 4

]]></Node>
<StgValue><ssdm name=""/></StgValue>
</operation>

<operation id="21" st_id="1" stage="1" lat="1">
<core>NULL</core>
<MemPortIdVec></MemPortIdVec>
<condition id="0">
<or_exp><and_exp></and_exp></or_exp>
</condition>

<Node id="30" bw="0" op_0_bw="0">
<![CDATA[
:14  br label %1

]]></Node>
<StgValue><ssdm name=""/></StgValue>
</operation>
</state>

<state id="2" st_id="2">

<operation id="22" st_id="2" stage="1" lat="1">
<core>NULL</core>
<MemPortIdVec></MemPortIdVec>
<condition id="1">
<or_exp><and_exp></and_exp></or_exp>
</condition>

<Node id="32" bw="6" op_0_bw="6" op_1_bw="0">
<![CDATA[
:0  %i_i = phi i6 [ 0, %0 ], [ %i, %._crit_edge.i ]

]]></Node>
<StgValue><ssdm name="i_i"/></StgValue>
</operation>

<operation id="23" st_id="2" stage="1" lat="1">
<core>NULL</core>
<MemPortIdVec></MemPortIdVec>
<condition id="1">
<or_exp><and_exp></and_exp></or_exp>
</condition>

<Node id="33" bw="32" op_0_bw="6">
<![CDATA[
:1  %i_i_cast1 = zext i6 %i_i to i32

]]></Node>
<StgValue><ssdm name="i_i_cast1"/></StgValue>
</operation>

<operation id="24" st_id="2" stage="1" lat="1">
<core>Cmp</core>
<MemPortIdVec></MemPortIdVec>
<condition id="1">
<or_exp><and_exp></and_exp></or_exp>
</condition>

<Node id="34" bw="1" op_0_bw="6" op_1_bw="6">
<![CDATA[
:2  %exitcond_i = icmp eq i6 %i_i, -32

]]></Node>
<StgValue><ssdm name="exitcond_i"/></StgValue>
</operation>

<operation id="25" st_id="2" stage="1" lat="1">
<core>NULL</core>
<MemPortIdVec></MemPortIdVec>
<condition id="1">
<or_exp><and_exp></and_exp></or_exp>
</condition>

<Node id="35" bw="32" op_0_bw="32" op_1_bw="64" op_2_bw="64" op_3_bw="64">
<![CDATA[
:3  %empty = call i32 (...)* @_ssdm_op_SpecLoopTripCount(i64 32, i64 32, i64 32) nounwind

]]></Node>
<StgValue><ssdm name="empty"/></StgValue>
</operation>

<operation id="26" st_id="2" stage="1" lat="1">
<core>AddSub</core>
<MemPortIdVec></MemPortIdVec>
<condition id="1">
<or_exp><and_exp></and_exp></or_exp>
</condition>

<Node id="36" bw="6" op_0_bw="6" op_1_bw="6">
<![CDATA[
:4  %i = add i6 %i_i, 1

]]></Node>
<StgValue><ssdm name="i"/></StgValue>
</operation>

<operation id="27" st_id="2" stage="1" lat="1">
<core>NULL</core>
<MemPortIdVec></MemPortIdVec>
<condition id="1">
<or_exp><and_exp></and_exp></or_exp>
</condition>

<Node id="37" bw="0" op_0_bw="1" op_1_bw="0" op_2_bw="0">
<![CDATA[
:5  br i1 %exitcond_i, label %sha256_update.exit, label %2

]]></Node>
<StgValue><ssdm name=""/></StgValue>
</operation>

<operation id="28" st_id="2" stage="1" lat="1">
<core>NULL</core>
<MemPortIdVec></MemPortIdVec>
<condition id="3">
<or_exp><and_exp><literal name="exitcond_i" val="0"/>
</and_exp></or_exp>
</condition>

<Node id="39" bw="5" op_0_bw="8" op_1_bw="32" op_2_bw="32">
<![CDATA[
:0  %data_addr = getelementptr [32 x i8]* %data, i32 0, i32 %i_i_cast1

]]></Node>
<StgValue><ssdm name="data_addr"/></StgValue>
</operation>

<operation id="29" st_id="2" stage="2" lat="2">
<core>RAM</core>
<MemPortIdVec>0 </MemPortIdVec>
<condition id="3">
<or_exp><and_exp><literal name="exitcond_i" val="0"/>
</and_exp></or_exp>
</condition>

<Node id="40" bw="8" op_0_bw="5">
<![CDATA[
:1  %data_load = load i8* %data_addr, align 1

]]></Node>
<StgValue><ssdm name="data_load"/></StgValue>
</operation>

<operation id="30" st_id="2" stage="2" lat="2">
<core></core>
<MemPortIdVec></MemPortIdVec>
<condition id="5">
<or_exp><and_exp><literal name="exitcond_i" val="1"/>
</and_exp></or_exp>
</condition>

<Node id="66" bw="0" op_0_bw="0" op_1_bw="8">
<![CDATA[
sha256_update.exit:0  call fastcc void @sha256_final([32 x i8]* %hash) nounwind

]]></Node>
<StgValue><ssdm name=""/></StgValue>
</operation>
</state>

<state id="3" st_id="3">

<operation id="31" st_id="3" stage="1" lat="2">
<core>RAM</core>
<MemPortIdVec>0 </MemPortIdVec>
<condition id="6">
<or_exp><and_exp></and_exp></or_exp>
</condition>

<Node id="40" bw="8" op_0_bw="5">
<![CDATA[
:1  %data_load = load i8* %data_addr, align 1

]]></Node>
<StgValue><ssdm name="data_load"/></StgValue>
</operation>

<operation id="32" st_id="3" stage="1" lat="1">
<core>NULL</core>
<MemPortIdVec></MemPortIdVec>
<condition id="6">
<or_exp><and_exp></and_exp></or_exp>
</condition>

<Node id="41" bw="32" op_0_bw="32">
<![CDATA[
:2  %ctx_datalen_load = load i32* @ctx_datalen, align 4

]]></Node>
<StgValue><ssdm name="ctx_datalen_load"/></StgValue>
</operation>

<operation id="33" st_id="3" stage="1" lat="1">
<core>NULL</core>
<MemPortIdVec></MemPortIdVec>
<condition id="6">
<or_exp><and_exp></and_exp></or_exp>
</condition>

<Node id="42" bw="6" op_0_bw="8" op_1_bw="32" op_2_bw="32">
<![CDATA[
:3  %ctx_in_data_addr = getelementptr [64 x i8]* @ctx_in_data, i32 0, i32 %ctx_datalen_load

]]></Node>
<StgValue><ssdm name="ctx_in_data_addr"/></StgValue>
</operation>

<operation id="34" st_id="3" stage="1" lat="1">
<core>RAM</core>
<MemPortIdVec>0 </MemPortIdVec>
<condition id="6">
<or_exp><and_exp></and_exp></or_exp>
</condition>

<Node id="43" bw="0" op_0_bw="8" op_1_bw="6">
<![CDATA[
:4  store i8 %data_load, i8* %ctx_in_data_addr, align 1

]]></Node>
<StgValue><ssdm name=""/></StgValue>
</operation>

<operation id="35" st_id="3" stage="1" lat="1">
<core>AddSub</core>
<MemPortIdVec></MemPortIdVec>
<condition id="6">
<or_exp><and_exp></and_exp></or_exp>
</condition>

<Node id="44" bw="32" op_0_bw="32" op_1_bw="32">
<![CDATA[
:5  %ctx_datalen_assign_i = add i32 %ctx_datalen_load, 1

]]></Node>
<StgValue><ssdm name="ctx_datalen_assign_i"/></StgValue>
</operation>

<operation id="36" st_id="3" stage="1" lat="1">
<core>NULL</core>
<MemPortIdVec></MemPortIdVec>
<condition id="6">
<or_exp><and_exp></and_exp></or_exp>
</condition>

<Node id="45" bw="0" op_0_bw="32" op_1_bw="32">
<![CDATA[
:6  store i32 %ctx_datalen_assign_i, i32* @ctx_datalen, align 4

]]></Node>
<StgValue><ssdm name=""/></StgValue>
</operation>

<operation id="37" st_id="3" stage="1" lat="1">
<core>Cmp</core>
<MemPortIdVec></MemPortIdVec>
<condition id="6">
<or_exp><and_exp></and_exp></or_exp>
</condition>

<Node id="46" bw="1" op_0_bw="32" op_1_bw="32">
<![CDATA[
:7  %tmp_1_i = icmp eq i32 %ctx_datalen_assign_i, 64

]]></Node>
<StgValue><ssdm name="tmp_1_i"/></StgValue>
</operation>

<operation id="38" st_id="3" stage="1" lat="1">
<core>NULL</core>
<MemPortIdVec></MemPortIdVec>
<condition id="6">
<or_exp><and_exp></and_exp></or_exp>
</condition>

<Node id="47" bw="0" op_0_bw="1" op_1_bw="0" op_2_bw="0">
<![CDATA[
:8  br i1 %tmp_1_i, label %3, label %._crit_edge.i

]]></Node>
<StgValue><ssdm name=""/></StgValue>
</operation>
</state>

<state id="4" st_id="4">

<operation id="39" st_id="4" stage="2" lat="2">
<core></core>
<MemPortIdVec></MemPortIdVec>
<condition id="7">
<or_exp><and_exp></and_exp></or_exp>
</condition>

<Node id="49" bw="0" op_0_bw="0" op_1_bw="8">
<![CDATA[
:0  call fastcc void @sha256_transform([64 x i8]* @ctx_in_data) nounwind

]]></Node>
<StgValue><ssdm name=""/></StgValue>
</operation>
</state>

<state id="5" st_id="5">

<operation id="40" st_id="5" stage="1" lat="2">
<core></core>
<MemPortIdVec></MemPortIdVec>
<condition id="9">
<or_exp><and_exp><literal name="tmp_1_i" val="1"/>
</and_exp></or_exp>
</condition>

<Node id="49" bw="0" op_0_bw="0" op_1_bw="8">
<![CDATA[
:0  call fastcc void @sha256_transform([64 x i8]* @ctx_in_data) nounwind

]]></Node>
<StgValue><ssdm name=""/></StgValue>
</operation>

<operation id="41" st_id="5" stage="1" lat="1">
<core>NULL</core>
<MemPortIdVec></MemPortIdVec>
<condition id="9">
<or_exp><and_exp><literal name="tmp_1_i" val="1"/>
</and_exp></or_exp>
</condition>

<Node id="50" bw="32" op_0_bw="32">
<![CDATA[
:1  %ctx_bitlen_0_load = load i32* @ctx_bitlen_0, align 4

]]></Node>
<StgValue><ssdm name="ctx_bitlen_0_load"/></StgValue>
</operation>

<operation id="42" st_id="5" stage="1" lat="1">
<core>Cmp</core>
<MemPortIdVec></MemPortIdVec>
<condition id="9">
<or_exp><and_exp><literal name="tmp_1_i" val="1"/>
</and_exp></or_exp>
</condition>

<Node id="51" bw="1" op_0_bw="32" op_1_bw="32">
<![CDATA[
:2  %tmp_2_i = icmp ugt i32 %ctx_bitlen_0_load, -513

]]></Node>
<StgValue><ssdm name="tmp_2_i"/></StgValue>
</operation>

<operation id="43" st_id="5" stage="1" lat="1">
<core>NULL</core>
<MemPortIdVec></MemPortIdVec>
<condition id="9">
<or_exp><and_exp><literal name="tmp_1_i" val="1"/>
</and_exp></or_exp>
</condition>

<Node id="52" bw="0" op_0_bw="1" op_1_bw="0" op_2_bw="0">
<![CDATA[
:3  br i1 %tmp_2_i, label %4, label %._crit_edge1.i

]]></Node>
<StgValue><ssdm name=""/></StgValue>
</operation>

<operation id="44" st_id="5" stage="1" lat="1">
<core>NULL</core>
<MemPortIdVec></MemPortIdVec>
<condition id="11">
<or_exp><and_exp><literal name="tmp_1_i" val="1"/>
<literal name="tmp_2_i" val="1"/>
</and_exp></or_exp>
</condition>

<Node id="54" bw="32" op_0_bw="32">
<![CDATA[
:0  %ctx_bitlen_1_load = load i32* @ctx_bitlen_1, align 4

]]></Node>
<StgValue><ssdm name="ctx_bitlen_1_load"/></StgValue>
</operation>

<operation id="45" st_id="5" stage="1" lat="1">
<core>AddSub</core>
<MemPortIdVec></MemPortIdVec>
<condition id="11">
<or_exp><and_exp><literal name="tmp_1_i" val="1"/>
<literal name="tmp_2_i" val="1"/>
</and_exp></or_exp>
</condition>

<Node id="55" bw="32" op_0_bw="32" op_1_bw="32">
<![CDATA[
:1  %tmp_3_i = add i32 %ctx_bitlen_1_load, 1

]]></Node>
<StgValue><ssdm name="tmp_3_i"/></StgValue>
</operation>

<operation id="46" st_id="5" stage="1" lat="1">
<core>NULL</core>
<MemPortIdVec></MemPortIdVec>
<condition id="11">
<or_exp><and_exp><literal name="tmp_1_i" val="1"/>
<literal name="tmp_2_i" val="1"/>
</and_exp></or_exp>
</condition>

<Node id="56" bw="0" op_0_bw="32" op_1_bw="32">
<![CDATA[
:2  store i32 %tmp_3_i, i32* @ctx_bitlen_1, align 4

]]></Node>
<StgValue><ssdm name=""/></StgValue>
</operation>

<operation id="47" st_id="5" stage="1" lat="1">
<core>NULL</core>
<MemPortIdVec></MemPortIdVec>
<condition id="11">
<or_exp><and_exp><literal name="tmp_1_i" val="1"/>
<literal name="tmp_2_i" val="1"/>
</and_exp></or_exp>
</condition>

<Node id="57" bw="0" op_0_bw="0">
<![CDATA[
:3  br label %._crit_edge1.i

]]></Node>
<StgValue><ssdm name=""/></StgValue>
</operation>

<operation id="48" st_id="5" stage="1" lat="1">
<core>AddSub</core>
<MemPortIdVec></MemPortIdVec>
<condition id="14">
<or_exp><and_exp><literal name="tmp_1_i" val="1"/>
</and_exp></or_exp>
</condition>

<Node id="59" bw="32" op_0_bw="32" op_1_bw="32">
<![CDATA[
._crit_edge1.i:0  %tmp_4_i = add i32 %ctx_bitlen_0_load, 512

]]></Node>
<StgValue><ssdm name="tmp_4_i"/></StgValue>
</operation>

<operation id="49" st_id="5" stage="1" lat="1">
<core>NULL</core>
<MemPortIdVec></MemPortIdVec>
<condition id="14">
<or_exp><and_exp><literal name="tmp_1_i" val="1"/>
</and_exp></or_exp>
</condition>

<Node id="60" bw="0" op_0_bw="32" op_1_bw="32">
<![CDATA[
._crit_edge1.i:1  store i32 %tmp_4_i, i32* @ctx_bitlen_0, align 4

]]></Node>
<StgValue><ssdm name=""/></StgValue>
</operation>

<operation id="50" st_id="5" stage="1" lat="1">
<core>NULL</core>
<MemPortIdVec></MemPortIdVec>
<condition id="14">
<or_exp><and_exp><literal name="tmp_1_i" val="1"/>
</and_exp></or_exp>
</condition>

<Node id="61" bw="0" op_0_bw="32" op_1_bw="32">
<![CDATA[
._crit_edge1.i:2  store i32 0, i32* @ctx_datalen, align 4

]]></Node>
<StgValue><ssdm name=""/></StgValue>
</operation>

<operation id="51" st_id="5" stage="1" lat="1">
<core>NULL</core>
<MemPortIdVec></MemPortIdVec>
<condition id="14">
<or_exp><and_exp><literal name="tmp_1_i" val="1"/>
</and_exp></or_exp>
</condition>

<Node id="62" bw="0" op_0_bw="0">
<![CDATA[
._crit_edge1.i:3  br label %._crit_edge.i

]]></Node>
<StgValue><ssdm name=""/></StgValue>
</operation>

<operation id="52" st_id="5" stage="1" lat="1">
<core>NULL</core>
<MemPortIdVec></MemPortIdVec>
<condition id="17">
<or_exp><and_exp></and_exp></or_exp>
</condition>

<Node id="64" bw="0" op_0_bw="0">
<![CDATA[
._crit_edge.i:0  br label %1

]]></Node>
<StgValue><ssdm name=""/></StgValue>
</operation>
</state>

<state id="6" st_id="6">

<operation id="53" st_id="6" stage="1" lat="2">
<core></core>
<MemPortIdVec></MemPortIdVec>
<condition id="18">
<or_exp><and_exp></and_exp></or_exp>
</condition>

<Node id="66" bw="0" op_0_bw="0" op_1_bw="8">
<![CDATA[
sha256_update.exit:0  call fastcc void @sha256_final([32 x i8]* %hash) nounwind

]]></Node>
<StgValue><ssdm name=""/></StgValue>
</operation>

<operation id="54" st_id="6" stage="1" lat="1">
<core>NULL</core>
<MemPortIdVec></MemPortIdVec>
<condition id="18">
<or_exp><and_exp></and_exp></or_exp>
</condition>

<Node id="67" bw="0">
<![CDATA[
sha256_update.exit:1  ret void

]]></Node>
<StgValue><ssdm name=""/></StgValue>
</operation>
</state>
</state_list>


<ports>
<port id="64" name="data" dir="0" iftype="1">
<core>RAM</core><StgValue><ssdm name="data"/><MemPortTyVec>1 3 </MemPortTyVec>
</StgValue>
</port>
<port id="65" name="hash" dir="1" iftype="1">
<core>RAM</core><StgValue><ssdm name="hash"/><MemPortTyVec>0 0 </MemPortTyVec>
</StgValue>
</port>
<port id="66" name="ctx_datalen" dir="2" iftype="0">
<core>NULL</core><StgValue><ssdm name="ctx_datalen"/></StgValue>
</port>
<port id="67" name="ctx_bitlen_0" dir="2" iftype="0">
<core>NULL</core><StgValue><ssdm name="ctx_bitlen_0"/></StgValue>
</port>
<port id="68" name="ctx_bitlen_1" dir="2" iftype="0">
<core>NULL</core><StgValue><ssdm name="ctx_bitlen_1"/></StgValue>
</port>
<port id="69" name="ctx_state_0" dir="2" iftype="0">
<core>NULL</core><StgValue><ssdm name="ctx_state_0"/></StgValue>
</port>
<port id="70" name="ctx_state_1" dir="2" iftype="0">
<core>NULL</core><StgValue><ssdm name="ctx_state_1"/></StgValue>
</port>
<port id="71" name="ctx_state_2" dir="2" iftype="0">
<core>NULL</core><StgValue><ssdm name="ctx_state_2"/></StgValue>
</port>
<port id="72" name="ctx_state_3" dir="2" iftype="0">
<core>NULL</core><StgValue><ssdm name="ctx_state_3"/></StgValue>
</port>
<port id="73" name="ctx_state_4" dir="2" iftype="0">
<core>NULL</core><StgValue><ssdm name="ctx_state_4"/></StgValue>
</port>
<port id="74" name="ctx_state_5" dir="2" iftype="0">
<core>NULL</core><StgValue><ssdm name="ctx_state_5"/></StgValue>
</port>
<port id="75" name="ctx_state_6" dir="2" iftype="0">
<core>NULL</core><StgValue><ssdm name="ctx_state_6"/></StgValue>
</port>
<port id="76" name="ctx_state_7" dir="2" iftype="0">
<core>NULL</core><StgValue><ssdm name="ctx_state_7"/></StgValue>
</port>
<port id="77" name="ctx_in_data" dir="2" iftype="1">
<core>RAM</core><StgValue><ssdm name="ctx_in_data"/><MemPortTyVec>2 2 </MemPortTyVec>
</StgValue>
</port>
<port id="78" name="k" dir="0" iftype="1">
<core>ROM_nP</core><StgValue><ssdm name="k"/><MemPortTyVec>1 </MemPortTyVec>
</StgValue>
</port>
</ports>


<dataflows>
<dataflow id="80" from="_ssdm_op_SpecBitsMap" to="StgValue_7" fromId="79" toId="7">
</dataflow>
<dataflow id="81" from="data" to="StgValue_7" fromId="64" toId="7">
</dataflow>
<dataflow id="82" from="_ssdm_op_SpecBitsMap" to="StgValue_8" fromId="79" toId="8">
</dataflow>
<dataflow id="83" from="hash" to="StgValue_8" fromId="65" toId="8">
</dataflow>
<dataflow id="85" from="_ssdm_op_SpecTopModule" to="StgValue_9" fromId="84" toId="9">
</dataflow>
<dataflow id="87" from="sha256_top_str" to="StgValue_9" fromId="86" toId="9">
</dataflow>
<dataflow id="89" from="StgValue_88" to="StgValue_10" fromId="88" toId="10">
</dataflow>
<dataflow id="90" from="ctx_datalen" to="StgValue_10" fromId="66" toId="10">
</dataflow>
<dataflow id="91" from="StgValue_88" to="StgValue_11" fromId="88" toId="11">
</dataflow>
<dataflow id="92" from="ctx_bitlen_0" to="StgValue_11" fromId="67" toId="11">
</dataflow>
<dataflow id="93" from="StgValue_88" to="StgValue_12" fromId="88" toId="12">
</dataflow>
<dataflow id="94" from="ctx_bitlen_1" to="StgValue_12" fromId="68" toId="12">
</dataflow>
<dataflow id="96" from="StgValue_95" to="StgValue_13" fromId="95" toId="13">
</dataflow>
<dataflow id="97" from="ctx_state_0" to="StgValue_13" fromId="69" toId="13">
</dataflow>
<dataflow id="99" from="StgValue_98" to="StgValue_14" fromId="98" toId="14">
</dataflow>
<dataflow id="100" from="ctx_state_1" to="StgValue_14" fromId="70" toId="14">
</dataflow>
<dataflow id="102" from="StgValue_101" to="StgValue_15" fromId="101" toId="15">
</dataflow>
<dataflow id="103" from="ctx_state_2" to="StgValue_15" fromId="71" toId="15">
</dataflow>
<dataflow id="105" from="StgValue_104" to="StgValue_16" fromId="104" toId="16">
</dataflow>
<dataflow id="106" from="ctx_state_3" to="StgValue_16" fromId="72" toId="16">
</dataflow>
<dataflow id="108" from="StgValue_107" to="StgValue_17" fromId="107" toId="17">
</dataflow>
<dataflow id="109" from="ctx_state_4" to="StgValue_17" fromId="73" toId="17">
</dataflow>
<dataflow id="111" from="StgValue_110" to="StgValue_18" fromId="110" toId="18">
</dataflow>
<dataflow id="112" from="ctx_state_5" to="StgValue_18" fromId="74" toId="18">
</dataflow>
<dataflow id="114" from="StgValue_113" to="StgValue_19" fromId="113" toId="19">
</dataflow>
<dataflow id="115" from="ctx_state_6" to="StgValue_19" fromId="75" toId="19">
</dataflow>
<dataflow id="117" from="StgValue_116" to="StgValue_20" fromId="116" toId="20">
</dataflow>
<dataflow id="118" from="ctx_state_7" to="StgValue_20" fromId="76" toId="20">
</dataflow>
<dataflow id="120" from="StgValue_119" to="i_i" fromId="119" toId="22">
<condition id="36">
<or_exp><and_exp></and_exp></or_exp>
</condition>
</dataflow>
<dataflow id="121" from="StgValue_21" to="i_i" fromId="21" toId="22">
</dataflow>
<dataflow id="122" from="i" to="i_i" fromId="26" toId="22">
<BackEdge/>
<condition id="37">
<or_exp><and_exp></and_exp></or_exp>
</condition>
</dataflow>
<dataflow id="123" from="StgValue_52" to="i_i" fromId="52" toId="22">
<BackEdge/>
</dataflow>
<dataflow id="124" from="i_i" to="i_i_cast1" fromId="22" toId="23">
</dataflow>
<dataflow id="125" from="i_i" to="exitcond_i" fromId="22" toId="24">
</dataflow>
<dataflow id="127" from="StgValue_126" to="exitcond_i" fromId="126" toId="24">
</dataflow>
<dataflow id="129" from="_ssdm_op_SpecLoopTripCount" to="empty" fromId="128" toId="25">
</dataflow>
<dataflow id="131" from="StgValue_130" to="empty" fromId="130" toId="25">
</dataflow>
<dataflow id="132" from="StgValue_130" to="empty" fromId="130" toId="25">
</dataflow>
<dataflow id="133" from="StgValue_130" to="empty" fromId="130" toId="25">
</dataflow>
<dataflow id="134" from="i_i" to="i" fromId="22" toId="26">
</dataflow>
<dataflow id="136" from="StgValue_135" to="i" fromId="135" toId="26">
</dataflow>
<dataflow id="137" from="exitcond_i" to="StgValue_27" fromId="24" toId="27">
</dataflow>
<dataflow id="138" from="data" to="data_addr" fromId="64" toId="28">
</dataflow>
<dataflow id="139" from="StgValue_88" to="data_addr" fromId="88" toId="28">
</dataflow>
<dataflow id="140" from="i_i_cast1" to="data_addr" fromId="23" toId="28">
</dataflow>
<dataflow id="141" from="data_addr" to="data_load" fromId="28" toId="29">
</dataflow>
<dataflow id="143" from="sha256_final" to="StgValue_30" fromId="142" toId="30">
</dataflow>
<dataflow id="144" from="hash" to="StgValue_30" fromId="65" toId="30">
</dataflow>
<dataflow id="145" from="ctx_datalen" to="StgValue_30" fromId="66" toId="30">
</dataflow>
<dataflow id="146" from="ctx_in_data" to="StgValue_30" fromId="77" toId="30">
</dataflow>
<dataflow id="147" from="ctx_state_0" to="StgValue_30" fromId="69" toId="30">
</dataflow>
<dataflow id="148" from="ctx_state_1" to="StgValue_30" fromId="70" toId="30">
</dataflow>
<dataflow id="149" from="ctx_state_2" to="StgValue_30" fromId="71" toId="30">
</dataflow>
<dataflow id="150" from="ctx_state_3" to="StgValue_30" fromId="72" toId="30">
</dataflow>
<dataflow id="151" from="ctx_state_4" to="StgValue_30" fromId="73" toId="30">
</dataflow>
<dataflow id="152" from="ctx_state_5" to="StgValue_30" fromId="74" toId="30">
</dataflow>
<dataflow id="153" from="ctx_state_6" to="StgValue_30" fromId="75" toId="30">
</dataflow>
<dataflow id="154" from="ctx_state_7" to="StgValue_30" fromId="76" toId="30">
</dataflow>
<dataflow id="155" from="k" to="StgValue_30" fromId="78" toId="30">
</dataflow>
<dataflow id="156" from="ctx_bitlen_0" to="StgValue_30" fromId="67" toId="30">
</dataflow>
<dataflow id="157" from="ctx_bitlen_1" to="StgValue_30" fromId="68" toId="30">
</dataflow>
<dataflow id="158" from="data_addr" to="data_load" fromId="28" toId="31">
</dataflow>
<dataflow id="159" from="ctx_datalen" to="ctx_datalen_load" fromId="66" toId="32">
</dataflow>
<dataflow id="160" from="ctx_in_data" to="ctx_in_data_addr" fromId="77" toId="33">
</dataflow>
<dataflow id="161" from="StgValue_88" to="ctx_in_data_addr" fromId="88" toId="33">
</dataflow>
<dataflow id="162" from="ctx_datalen_load" to="ctx_in_data_addr" fromId="32" toId="33">
</dataflow>
<dataflow id="163" from="data_load" to="StgValue_34" fromId="31" toId="34">
</dataflow>
<dataflow id="164" from="ctx_in_data_addr" to="StgValue_34" fromId="33" toId="34">
</dataflow>
<dataflow id="165" from="ctx_datalen_load" to="ctx_datalen_assign_i" fromId="32" toId="35">
</dataflow>
<dataflow id="167" from="StgValue_166" to="ctx_datalen_assign_i" fromId="166" toId="35">
</dataflow>
<dataflow id="168" from="ctx_datalen_assign_i" to="StgValue_36" fromId="35" toId="36">
</dataflow>
<dataflow id="169" from="ctx_datalen" to="StgValue_36" fromId="66" toId="36">
</dataflow>
<dataflow id="170" from="ctx_datalen_assign_i" to="tmp_1_i" fromId="35" toId="37">
</dataflow>
<dataflow id="172" from="StgValue_171" to="tmp_1_i" fromId="171" toId="37">
</dataflow>
<dataflow id="173" from="tmp_1_i" to="StgValue_38" fromId="37" toId="38">
</dataflow>
<dataflow id="175" from="sha256_transform" to="StgValue_39" fromId="174" toId="39">
</dataflow>
<dataflow id="176" from="ctx_in_data" to="StgValue_39" fromId="77" toId="39">
</dataflow>
<dataflow id="177" from="ctx_state_0" to="StgValue_39" fromId="69" toId="39">
</dataflow>
<dataflow id="178" from="ctx_state_1" to="StgValue_39" fromId="70" toId="39">
</dataflow>
<dataflow id="179" from="ctx_state_2" to="StgValue_39" fromId="71" toId="39">
</dataflow>
<dataflow id="180" from="ctx_state_3" to="StgValue_39" fromId="72" toId="39">
</dataflow>
<dataflow id="181" from="ctx_state_4" to="StgValue_39" fromId="73" toId="39">
</dataflow>
<dataflow id="182" from="ctx_state_5" to="StgValue_39" fromId="74" toId="39">
</dataflow>
<dataflow id="183" from="ctx_state_6" to="StgValue_39" fromId="75" toId="39">
</dataflow>
<dataflow id="184" from="ctx_state_7" to="StgValue_39" fromId="76" toId="39">
</dataflow>
<dataflow id="185" from="k" to="StgValue_39" fromId="78" toId="39">
</dataflow>
<dataflow id="186" from="sha256_transform" to="StgValue_40" fromId="174" toId="40">
</dataflow>
<dataflow id="187" from="ctx_in_data" to="StgValue_40" fromId="77" toId="40">
</dataflow>
<dataflow id="188" from="ctx_state_0" to="StgValue_40" fromId="69" toId="40">
</dataflow>
<dataflow id="189" from="ctx_state_1" to="StgValue_40" fromId="70" toId="40">
</dataflow>
<dataflow id="190" from="ctx_state_2" to="StgValue_40" fromId="71" toId="40">
</dataflow>
<dataflow id="191" from="ctx_state_3" to="StgValue_40" fromId="72" toId="40">
</dataflow>
<dataflow id="192" from="ctx_state_4" to="StgValue_40" fromId="73" toId="40">
</dataflow>
<dataflow id="193" from="ctx_state_5" to="StgValue_40" fromId="74" toId="40">
</dataflow>
<dataflow id="194" from="ctx_state_6" to="StgValue_40" fromId="75" toId="40">
</dataflow>
<dataflow id="195" from="ctx_state_7" to="StgValue_40" fromId="76" toId="40">
</dataflow>
<dataflow id="196" from="k" to="StgValue_40" fromId="78" toId="40">
</dataflow>
<dataflow id="197" from="ctx_bitlen_0" to="ctx_bitlen_0_load" fromId="67" toId="41">
</dataflow>
<dataflow id="198" from="ctx_bitlen_0_load" to="tmp_2_i" fromId="41" toId="42">
</dataflow>
<dataflow id="200" from="StgValue_199" to="tmp_2_i" fromId="199" toId="42">
</dataflow>
<dataflow id="201" from="tmp_2_i" to="StgValue_43" fromId="42" toId="43">
</dataflow>
<dataflow id="202" from="ctx_bitlen_1" to="ctx_bitlen_1_load" fromId="68" toId="44">
</dataflow>
<dataflow id="203" from="ctx_bitlen_1_load" to="tmp_3_i" fromId="44" toId="45">
</dataflow>
<dataflow id="204" from="StgValue_166" to="tmp_3_i" fromId="166" toId="45">
</dataflow>
<dataflow id="205" from="tmp_3_i" to="StgValue_46" fromId="45" toId="46">
</dataflow>
<dataflow id="206" from="ctx_bitlen_1" to="StgValue_46" fromId="68" toId="46">
</dataflow>
<dataflow id="207" from="ctx_bitlen_0_load" to="tmp_4_i" fromId="41" toId="48">
</dataflow>
<dataflow id="209" from="StgValue_208" to="tmp_4_i" fromId="208" toId="48">
</dataflow>
<dataflow id="210" from="tmp_4_i" to="StgValue_49" fromId="48" toId="49">
</dataflow>
<dataflow id="211" from="ctx_bitlen_0" to="StgValue_49" fromId="67" toId="49">
</dataflow>
<dataflow id="212" from="StgValue_88" to="StgValue_50" fromId="88" toId="50">
</dataflow>
<dataflow id="213" from="ctx_datalen" to="StgValue_50" fromId="66" toId="50">
</dataflow>
<dataflow id="214" from="sha256_final" to="StgValue_53" fromId="142" toId="53">
</dataflow>
<dataflow id="215" from="hash" to="StgValue_53" fromId="65" toId="53">
</dataflow>
<dataflow id="216" from="ctx_datalen" to="StgValue_53" fromId="66" toId="53">
</dataflow>
<dataflow id="217" from="ctx_in_data" to="StgValue_53" fromId="77" toId="53">
</dataflow>
<dataflow id="218" from="ctx_state_0" to="StgValue_53" fromId="69" toId="53">
</dataflow>
<dataflow id="219" from="ctx_state_1" to="StgValue_53" fromId="70" toId="53">
</dataflow>
<dataflow id="220" from="ctx_state_2" to="StgValue_53" fromId="71" toId="53">
</dataflow>
<dataflow id="221" from="ctx_state_3" to="StgValue_53" fromId="72" toId="53">
</dataflow>
<dataflow id="222" from="ctx_state_4" to="StgValue_53" fromId="73" toId="53">
</dataflow>
<dataflow id="223" from="ctx_state_5" to="StgValue_53" fromId="74" toId="53">
</dataflow>
<dataflow id="224" from="ctx_state_6" to="StgValue_53" fromId="75" toId="53">
</dataflow>
<dataflow id="225" from="ctx_state_7" to="StgValue_53" fromId="76" toId="53">
</dataflow>
<dataflow id="226" from="k" to="StgValue_53" fromId="78" toId="53">
</dataflow>
<dataflow id="227" from="ctx_bitlen_0" to="StgValue_53" fromId="67" toId="53">
</dataflow>
<dataflow id="228" from="ctx_bitlen_1" to="StgValue_53" fromId="68" toId="53">
</dataflow>
<dataflow id="229" from="exitcond_i" to="StgValue_2" fromId="24" toId="2">
</dataflow>
<dataflow id="230" from="tmp_1_i" to="StgValue_5" fromId="37" toId="5">
</dataflow>
<dataflow id="231" from="tmp_2_i" to="StgValue_5" fromId="42" toId="5">
</dataflow>
<dataflow id="232" from="tmp_1_i" to="StgValue_3" fromId="37" toId="3">
</dataflow>
</dataflows>


</stg>
